abb,birth_rate,country_x,fertility_rate,gdp,pschool_enrollment,tschool_enrollment,infant_mortality,life_expectancy,maternal_mortality_ratio,minimum_wage,oop_healthcare,physicians_per1000,population,unemployment,country_y,year,region10_ori,iso3,Emigrants_males,Emigrants_females,Emigrants_males_HS,Emigrants_females_HS,Emigrants_HS_total,Labor_males_HS,Labor_females_HS,Labor_HS,Labor,Labor_LS,Labor_females_LS,Labor_males_LS,popf014,popm014,Emigrants_014_female,Emigrants_014_male
AFG,32.49,Afghanistan,4.47,"$19,101,353,833 ",104.00%,9.70%,47.9,64.5,638.0,$0.43 ,78.40%,0.28,"38,041,754",11.12%,Afghanistan,2020.0,SA,AFG,2592511.0,2091406.0,199099.0,114867.0,313966.0,913010.0,195448.0,1124901.0,22647496.0,21522594.0,10809482.0,10729555.0,7947146.0,8333700.0,465982.0,563018.0
ALB,11.78,Albania,1.62,"$15,278,077,447 ",107.00%,55.00%,7.8,78.5,15.0,$1.12 ,56.90%,1.2,"2,854,191",12.33%,Albania,2020.0,ECA-OTH,ALB,500728.0,497361.0,73776.0,95576.0,169352.0,125250.0,92899.0,218361.0,2348722.0,2130361.0,1069069.0,1061504.0,231501.0,257626.0,35287.0,45140.0
DZA,24.28,Algeria,3.02,"$169,988,236,398 ",109.90%,51.40%,20.1,76.7,112.0,$0.95 ,28.10%,1.72,"43,053,054",11.70%,Algeria,2020.0,MENA-OTH,DZA,863174.0,843606.0,247313.0,234235.0,481548.0,1245680.0,1494801.0,2734122.0,30352152.0,27618030.0,13593534.0,14018136.0,6608900.0,6889992.0,16369.0,56175.0
AND,7.2,Andorra,1.27,"$3,154,057,987 ",106.40%,,2.7,,,$6.63 ,36.40%,3.33,"77,142",,Andorra,2020.0,ECA-HIC,AND,4256.0,4470.0,1608.0,1975.0,3583.0,,,,,,,,,,489.0,430.0
AGO,40.73,Angola,5.52,"$94,635,415,870 ",113.50%,9.30%,51.6,60.8,241.0,$0.71 ,33.40%,0.21,"31,825,295",6.89%,Angola,2020.0,SSA,AGO,261940.0,271162.0,52097.0,54591.0,106688.0,47667.0,34679.0,82270.0,17617840.0,17535570.0,8980643.0,8554850.0,7590076.0,7658353.0,41403.0,44123.0
ATG,15.33,Antigua and Barbuda,1.99,"$1,727,759,259 ",105.00%,24.80%,5.0,76.9,42.0,$3.04 ,24.30%,2.76,"97,118",,Antigua and Barbuda,2020.0,LAC,ATG,14305.0,17227.0,6331.0,7849.0,14180.0,5122.0,7891.0,13013.0,76531.0,63518.0,32214.0,31304.0,10554.0,10843.0,1254.0,743.0
ARG,17.02,Argentina,2.26,"$449,663,446,954 ",109.70%,90.00%,8.8,76.5,39.0,$3.35 ,17.60%,3.96,"44,938,712",9.79%,Argentina,2020.0,LAC,ARG,489702.0,491763.0,189431.0,196277.0,385708.0,237143.0,830439.0,1003291.0,34288808.0,33285518.0,16967224.0,16254003.0,5441658.0,5646296.0,30528.0,32720.0
ARM,13.99,Armenia,1.76,"$13,672,802,158 ",92.70%,54.60%,11.0,74.9,26.0,$0.66 ,81.60%,4.4,"2,957,731",16.99%,Armenia,2020.0,ECA-OTH,ARM,496314.0,433844.0,126786.0,126795.0,253581.0,251687.0,325272.0,578575.0,2345922.0,1767347.0,954318.0,814646.0,289898.0,327414.0,19133.0,17268.0
AUS,12.6,Australia,1.74,"$1,392,680,589,329 ",100.30%,113.10%,3.1,82.7,6.0,$13.59 ,19.60%,3.68,"25,766,605",5.27%,Australia,2020.0,EAP-HIC,AUS,283139.0,275220.0,154109.0,155466.0,309575.0,2302878.0,2709742.0,5025884.0,20736410.0,15710526.0,7775254.0,7948536.0,2413342.0,2543515.0,20344.0,25287.0
AUT,9.7,Austria,1.47,"$446,314,739,528 ",103.10%,85.10%,2.9,81.6,5.0,,17.90%,5.17,"8,877,067",4.67%,Austria,2020.0,ECA-HIC,AUT,239417.0,265707.0,90545.0,88340.0,178885.0,701627.0,651745.0,1349522.0,7631748.0,6282226.0,3246952.0,3031424.0,622613.0,662503.0,19309.0,16344.0
AZE,14.0,Azerbaijan,1.73,"$39,207,000,000 ",99.70%,27.70%,19.2,72.9,26.0,$0.47 ,78.60%,3.45,"10,023,318",5.51%,Azerbaijan,2020.0,ECA-OTH,AZE,598824.0,510675.0,155180.0,147591.0,302771.0,590139.0,499364.0,1090482.0,7719692.0,6629210.0,3443371.0,3186818.0,1108727.0,1264702.0,22759.0,16555.0
BHS,13.97,The Bahamas,1.75,"$12,827,000,000 ",81.40%,15.10%,8.3,73.8,70.0,$5.25 ,27.80%,1.94,"389,482",10.36%,"Bahamas, The",2020.0,LAC,BHS,19517.0,23623.0,10002.0,14871.0,24873.0,36815.0,52419.0,89067.0,308301.0,219235.0,107993.0,111074.0,41743.0,43204.0,2294.0,1087.0
BHR,13.99,Bahrain,1.99,"$38,574,069,149 ",99.40%,50.50%,6.1,77.2,14.0,,25.10%,0.93,"1,501,635",0.71%,Bahrain,2020.0,GCC,BHR,19797.0,28145.0,10438.0,13027.0,23465.0,112816.0,67219.0,175842.0,1390494.0,1214652.0,382045.0,828414.0,151845.0,159244.0,5915.0,3874.0
BGD,18.18,Bangladesh,2.04,"$302,571,254,131 ",116.50%,20.60%,25.1,72.3,173.0,$0.51 ,71.80%,0.58,"167,310,838",4.19%,Bangladesh,2020.0,SA,BGD,4721825.0,2328544.0,953197.0,304005.0,1257202.0,5719430.0,2702666.0,8459605.0,120627488.0,112167880.0,57170308.0,55035088.0,21557302.0,22504586.0,90452.0,255649.0
BRB,10.65,Barbados,1.62,"$5,209,000,000 ",99.40%,65.40%,11.3,79.1,27.0,$3.13 ,45.20%,2.48,"287,025",10.33%,Barbados,2020.0,LAC,BRB,44187.0,54847.0,18961.0,27862.0,46823.0,5086.0,7869.0,12838.0,239206.0,226368.0,116737.0,109514.0,23681.0,24484.0,1537.0,1857.0
BLR,9.9,Belarus,1.45,"$63,080,457,023 ",100.50%,87.40%,2.6,74.2,2.0,$1.49 ,34.50%,5.19,"9,466,856",4.59%,Belarus,2020.0,ECA-OTH,BLR,583499.0,756133.0,216822.0,265843.0,482665.0,718697.0,1032792.0,1750236.0,7762815.0,6012580.0,3190092.0,2821234.0,789997.0,827140.0,94568.0,41320.0
BEL,10.3,Belgium,1.62,"$529,606,710,418 ",103.90%,79.70%,2.9,81.6,5.0,$10.31 ,17.60%,3.07,"11,484,055",5.59%,Belgium,2020.0,ECA-HIC,BEL,239963.0,262394.0,112123.0,120166.0,232289.0,1009797.0,1085062.0,2108648.0,9577799.0,7469151.0,3784398.0,3698542.0,952936.0,1013506.0,19890.0,10768.0
BLZ,20.79,Belize,2.31,"$1,879,613,600 ",111.70%,24.70%,11.2,74.5,36.0,$1.65 ,22.70%,1.12,"390,353",6.41%,Belize,2020.0,LAC,BLZ,22816.0,32331.0,10240.0,14789.0,25029.0,5036.0,5404.0,10425.0,281518.0,271093.0,137266.0,133812.0,57190.0,58913.0,822.0,1575.0
BEN,36.22,Benin,4.84,"$14,390,709,095 ",122.00%,12.30%,60.5,61.5,397.0,$0.39 ,40.50%,0.08,"11,801,151",2.23%,Benin,2020.0,SSA,BEN,329331.0,288845.0,28005.0,15316.0,43321.0,142650.0,63994.0,208963.0,7038177.0,6829214.0,3499156.0,3332377.0,2505800.0,2579221.0,24641.0,34186.0
BTN,17.26,Bhutan,1.98,"$2,446,674,101 ",100.10%,15.60%,24.8,71.5,183.0,$0.32 ,19.80%,0.42,"727,145",2.34%,Bhutan,2020.0,SA,BTN,51539.0,50086.0,8153.0,5596.0,13749.0,31328.0,12906.0,44127.0,579521.0,535394.0,254092.0,281195.0,94527.0,97564.0,2115.0,2140.0
BOL,21.75,Bolivia,2.73,"$40,895,322,865 ",98.20%,,21.8,71.2,155.0,$1.36 ,25.90%,1.59,"11,513,100",3.50%,Bolivia,2020.0,LAC,BOL,394633.0,456142.0,68193.0,80456.0,148649.0,675362.0,609153.0,1281428.0,8147430.0,6866002.0,3481317.0,3381598.0,1724540.0,1801059.0,57824.0,55224.0
BIH,8.11,Bosnia and Herzegovina,1.27,"$20,047,848,435 ",,23.30%,5.0,77.3,10.0,$1.04 ,28.60%,2.16,"3,301,000",18.42%,Bosnia and Herzegovina,2020.0,ECA-OTH,BIH,779627.0,820043.0,160769.0,166725.0,327494.0,291275.0,300931.0,592298.0,2804363.0,2212065.0,1141608.0,1070550.0,231668.0,244784.0,28409.0,24514.0
BWA,24.82,Botswana,2.87,"$18,340,510,789 ",103.20%,24.90%,30.0,69.3,144.0,$0.29 ,5.30%,0.37,"2,346,179",18.19%,Botswana,2020.0,SSA,BWA,34923.0,20202.0,7078.0,3771.0,10849.0,50645.0,31610.0,82940.0,1566092.0,1483152.0,792644.0,691193.0,388272.0,397261.0,1642.0,1570.0
BRA,13.92,Brazil,1.73,"$1,839,758,040,766 ",115.40%,51.30%,12.8,75.7,60.0,$1.53 ,28.30%,2.15,"212,559,417",12.08%,Brazil,2020.0,LAC,BRA,731863.0,953409.0,272864.0,379918.0,652782.0,6058040.0,8260501.0,14246692.0,168540064.0,154293376.0,78336640.0,75884872.0,21526480.0,22492872.0,111347.0,99251.0
BRN,14.9,Brunei,1.85,"$13,469,422,941 ",103.20%,31.40%,9.8,75.7,31.0,,6.00%,1.61,"433,285",9.12%,Brunei Darussalam,2020.0,EAP-HIC,BRN,22314.0,16988.0,6013.0,5749.0,11762.0,11149.0,14368.0,25425.0,339819.0,314394.0,148759.0,165543.0,47369.0,50295.0,2746.0,4198.0
BGR,8.9,Bulgaria,1.56,"$86,000,000,000 ",89.30%,71.00%,5.9,74.9,10.0,$1.57 ,47.70%,4.03,"6,975,761",4.34%,Bulgaria,2020.0,ECA-HIC,BGR,608071.0,900755.0,165311.0,232610.0,397921.0,382064.0,555319.0,948061.0,5916139.0,4968078.0,2516814.0,2461943.0,494769.0,523107.0,107154.0,38690.0
BFA,37.93,Burkina Faso,5.19,"$15,745,810,235 ",96.10%,6.50%,49.0,61.2,320.0,$0.34 ,36.10%,0.08,"20,321,378",6.26%,Burkina Faso,2020.0,SSA,BFA,828543.0,644390.0,18451.0,10892.0,29343.0,132720.0,50925.0,184102.0,11628432.0,11444330.0,5852796.0,5591991.0,4554844.0,4720002.0,61710.0,68537.0
BDI,39.01,Burundi,5.41,"$3,012,334,882 ",121.40%,6.10%,41.0,61.2,548.0,,19.10%,0.1,"11,530,580",1.43%,Burundi,2020.0,SSA,BDI,224332.0,224726.0,19581.0,17660.0,37241.0,46726.0,14112.0,59436.0,6509974.0,6450538.0,3306351.0,3142785.0,2670454.0,2710353.0,51235.0,50392.0
CIV,35.74,Ivory Coast,4.65,"$58,792,205,642 ",99.80%,9.30%,59.4,57.4,617.0,$0.36 ,36.00%,0.23,"25,716,544",3.32%,Cote d'Ivoire,2020.0,SSA,CIV,480422.0,486941.0,82138.0,49412.0,131550.0,270062.0,144141.0,409487.0,15429056.0,15019569.0,7486425.0,7528429.0,5447329.0,5501890.0,102092.0,102057.0
CPV,19.49,Cape Verde,2.27,"$1,981,845,741 ",104.00%,23.60%,16.7,72.8,58.0,$0.68 ,23.20%,0.77,"483,628",12.25%,Cabo Verde,2020.0,SSA,CPV,78548.0,101657.0,13986.0,19277.0,33263.0,11521.0,7943.0,19444.0,399859.0,380415.0,191833.0,188562.0,77095.0,79034.0,6812.0,5998.0
KHM,22.46,Cambodia,2.5,"$27,089,389,787 ",107.40%,13.70%,24.0,69.6,160.0,,59.40%,0.17,"16,486,542",0.68%,Cambodia,2020.0,EAP-OTH,KHM,424317.0,498647.0,64533.0,54225.0,118758.0,252568.0,85564.0,344034.0,11548640.0,11204606.0,5940041.0,5270468.0,2530943.0,2639388.0,86851.0,77383.0
CMR,35.39,Cameroon,4.57,"$38,760,467,033 ",103.40%,12.80%,50.6,58.9,529.0,$0.35 ,69.70%,0.09,"25,876,380",3.38%,Cameroon,2020.0,SSA,CMR,205759.0,215690.0,82731.0,77112.0,159843.0,285073.0,184632.0,474308.0,15379629.0,14905321.0,7550247.0,7359678.0,5533911.0,5632324.0,22584.0,22948.0
CAN,10.1,Canada,1.5,"$1,736,425,629,520 ",100.90%,68.90%,4.3,81.9,10.0,$9.51 ,14.60%,2.61,"36,991,981",5.56%,Canada,2020.0,NOAM,CAN,638007.0,712353.0,411634.0,457795.0,869429.0,3896167.0,4852592.0,8748913.0,32036738.0,23287824.0,11376270.0,11911710.0,2929727.0,3070739.0,44004.0,47053.0
CAF,35.35,Central African Republic,4.72,"$2,220,307,369 ",102.00%,3.00%,84.5,52.8,829.0,$0.37 ,39.60%,0.06,"4,745,185",3.68%,Central African Republic,2020.0,SSA,CAF,363970.0,361438.0,13986.0,8728.0,22714.0,20287.0,8884.0,29231.0,2726801.0,2697570.0,1381462.0,1316168.0,1045376.0,1057587.0,47499.0,46609.0
TCD,42.17,Chad,5.75,"$11,314,951,343 ",86.80%,3.30%,71.4,54.0,1140.0,$0.60 ,56.40%,0.04,"15,946,876",1.89%,Chad,2020.0,SSA,TCD,102359.0,86248.0,9949.0,4870.0,14819.0,135128.0,49178.0,184744.0,8789432.0,8604688.0,4375309.0,4229817.0,3801202.0,3835225.0,16283.0,18918.0
CHL,12.43,Chile,1.65,"$282,318,159,745 ",101.40%,88.50%,6.2,80.0,13.0,$2.00 ,32.20%,2.59,"18,952,038",7.09%,Chile,2020.0,LAC,CHL,303222.0,318542.0,94893.0,96133.0,191026.0,1020804.0,918122.0,1955285.0,15438493.0,13483208.0,6966137.0,6533431.0,1806281.0,1871435.0,10850.0,11227.0
CHN,10.9,China,1.69,"$19,910,000,000,000 ",100.20%,50.60%,7.4,77.0,29.0,$0.87 ,32.40%,1.98,"1,397,715,000",4.32%,China,2020.0,EAP-OTH,CHN,4203668.0,5151480.0,2083082.0,2252498.0,4335580.0,27101312.0,18752576.0,46237736.0,1161168640.0,1114930944.0,552102080.0,563212608.0,116474339.0,133457089.0,746781.0,596022.0
COL,14.88,Colombia,1.81,"$323,802,808,108 ",114.50%,55.30%,12.2,77.1,83.0,$1.23 ,18.30%,2.18,"50,339,443",9.71%,Colombia,2020.0,LAC,COL,1222603.0,1502210.0,375874.0,491495.0,867369.0,4664958.0,3423781.0,8046150.0,39595244.0,31549094.0,16958294.0,14548212.0,5516246.0,5771394.0,165129.0,153573.0
COM,31.88,Comoros,4.21,"$1,185,728,677 ",99.50%,9.00%,51.3,64.1,273.0,$0.71 ,74.80%,0.27,"850,886",4.34%,Comoros,2020.0,SSA,COM,35369.0,34747.0,7875.0,6156.0,14031.0,34474.0,27805.0,62297.0,530281.0,467984.0,236533.0,231469.0,166604.0,172710.0,7128.0,7244.0
COG,32.86,Republic of the Congo,4.43,"$10,820,591,131 ",106.60%,12.70%,36.2,64.3,378.0,$0.88 ,43.80%,0.12,"5,380,508",9.47%,"Congo, Rep.",2020.0,SSA,COG,107228.0,116664.0,36837.0,29808.0,66645.0,20594.0,20577.0,43264.0,3240760.0,3197496.0,1612520.0,1587069.0,1128317.0,1149015.0,12139.0,13621.0
CRI,13.97,Costa Rica,1.75,"$61,773,944,174 ",113.30%,55.20%,7.6,80.1,27.0,$1.84 ,21.50%,2.89,"5,047,561",11.85%,Costa Rica,2020.0,LAC,CRI,68896.0,73298.0,26817.0,33353.0,60170.0,254683.0,325693.0,576815.0,4033110.0,3456295.0,1705193.0,1747541.0,518152.0,542852.0,5894.0,6270.0
HRV,9.0,Croatia,1.47,"$60,415,553,039 ",96.50%,67.90%,4.0,78.1,8.0,$2.92 ,15.20%,3.0,"4,067,500",6.93%,Croatia,2020.0,ECA-HIC,HRV,448937.0,495385.0,95222.0,108645.0,203867.0,187389.0,256500.0,440134.0,3459084.0,3018950.0,1554045.0,1461150.0,285608.0,302988.0,22966.0,23190.0
CUB,10.17,Cuba,1.62,"$100,023,000,000 ",101.90%,41.40%,3.7,78.7,36.0,$0.05 ,,8.42,"11,333,483",1.64%,Cuba,2020.0,LAC,CUB,798214.0,835150.0,317676.0,343477.0,661153.0,502795.0,822437.0,1319649.0,9523337.0,8203688.0,4004073.0,4194032.0,876638.0,926641.0,28317.0,27007.0
CYP,10.46,Cyprus,1.33,"$24,564,647,935 ",99.30%,75.90%,1.9,80.8,6.0,,43.90%,1.95,"1,198,575",7.27%,Cyprus,2020.0,ECA-HIC,CYP,50142.0,59304.0,17491.0,20943.0,38434.0,129782.0,142243.0,272854.0,1007213.0,734359.0,364520.0,370668.0,97084.0,103064.0,4079.0,3929.0
CZE,10.7,Czech Republic,1.69,"$246,489,245,495 ",100.70%,64.10%,2.7,79.0,3.0,$3.00 ,14.80%,4.12,"10,669,709",1.93%,Czech Republic,2020.0,ECA-HIC,CZE,312469.0,436910.0,113413.0,159857.0,273270.0,397491.0,482397.0,873477.0,9012352.0,8138875.0,4128550.0,4003914.0,819866.0,865640.0,28640.0,22085.0
COD,41.18,Democratic Republic of the Congo,5.92,"$47,319,624,204 ",108.00%,6.60%,68.2,60.4,473.0,$0.18 ,37.40%,0.07,"86,790,567",4.24%,,,,,,,,,,,,,,,,,,,,
DNK,10.6,Denmark,1.73,"$348,078,018,464 ",101.30%,80.60%,3.6,81.0,4.0,,13.70%,4.01,"5,818,553",4.91%,Denmark,2020.0,ECA-HIC,DNK,107312.0,113868.0,46950.0,53901.0,100851.0,499543.0,707306.0,1204816.0,4881947.0,3677131.0,1763372.0,1911726.0,461878.0,487579.0,8199.0,7063.0
DJI,21.47,Djibouti,2.73,"$3,318,716,359 ",75.30%,5.30%,49.8,66.6,248.0,,20.40%,0.22,"973,560",10.30%,Djibouti,2020.0,MENA-OTH,DJI,8815.0,9245.0,2887.0,2947.0,5834.0,21367.0,14478.0,35581.0,702349.0,666768.0,317237.0,349267.0,137294.0,148359.0,577.0,1569.0
DMA,12.0,Dominica,1.9,"$596,033,333 ",114.70%,7.20%,32.9,76.6,,$1.48 ,28.40%,1.08,"71,808",,Dominica,2020.0,LAC,DMA,25805.0,35718.0,8942.0,13984.0,22926.0,,,,,,,,,,2223.0,1914.0
DOM,19.51,Dominican Republic,2.35,"$88,941,298,258 ",105.70%,59.90%,24.1,73.9,95.0,$0.40 ,43.70%,1.56,"10,738,958",5.84%,Dominican Republic,2020.0,LAC,DOM,631881.0,829464.0,191241.0,270831.0,462072.0,470604.0,685580.0,1155036.0,7871311.0,6716275.0,3285805.0,3429322.0,1458313.0,1518280.0,71360.0,61280.0
ECU,19.72,Ecuador,2.43,"$107,435,665,000 ",103.30%,44.90%,12.2,76.8,59.0,$2.46 ,43.70%,2.04,"17,373,662",3.97%,Ecuador,2020.0,LAC,ECU,532656.0,577764.0,152990.0,181223.0,334213.0,585222.0,691318.0,1270268.0,12810285.0,11540017.0,5764769.0,5768977.0,2363146.0,2469629.0,73435.0,64395.0
EGY,26.38,Egypt,3.33,"$303,175,127,598 ",106.30%,35.20%,18.1,71.8,37.0,,62.00%,0.45,"100,388,073",10.76%,"Egypt, Arab Rep.",2020.0,MENA-OTH,EGY,2125869.0,1141227.0,660992.0,364974.0,1025966.0,4270120.0,1689066.0,6042659.0,67621520.0,61578860.0,32099006.0,29563332.0,16843470.0,17869409.0,118021.0,210431.0
SLV,18.25,El Salvador,2.04,"$27,022,640,000 ",94.80%,29.40%,11.8,73.1,46.0,$0.50 ,27.90%,1.57,"6,453,553",4.11%,El Salvador,2020.0,LAC,SLV,764826.0,772122.0,148372.0,163383.0,311755.0,136774.0,137018.0,272309.0,4761482.0,4489173.0,2469869.0,2017821.0,842890.0,881829.0,43892.0,45591.0
GNQ,33.24,Equatorial Guinea,4.51,"$11,026,774,945 ",61.80%,1.90%,62.6,58.4,301.0,$1.05 ,72.00%,0.4,"1,355,986",6.43%,Equatorial Guinea,2020.0,SSA,GNQ,61662.0,55779.0,2886.0,2617.0,5503.0,42831.0,9352.0,51142.0,886976.0,835834.0,358691.0,476102.0,254562.0,261447.0,2983.0,1438.0
ERI,30.3,Eritrea,4.06,"$2,065,001,626 ",68.40%,3.40%,31.3,65.9,480.0,,52.40%,0.06,"6,333,135",5.14%,Eritrea,2020.0,SSA,ERI,351896.0,309628.0,71907.0,38443.0,110350.0,,,,,,,,,,54573.0,59302.0
EST,10.9,Estonia,1.59,"$31,386,949,981 ",97.20%,69.60%,2.1,78.2,9.0,$3.14 ,22.80%,4.48,"1,331,824",5.11%,Estonia,2020.0,ECA-HIC,EST,72894.0,94697.0,25506.0,38360.0,63866.0,84362.0,159395.0,241611.0,1110140.0,868529.0,433790.0,432593.0,106445.0,112894.0,3270.0,3046.0
SWZ,,Eswatini,,"$3,791,304,348 ",,,,,,,11.30%,,"1,093,238",,Eswatini,2020.0,SSA,SWZ,22045.0,23530.0,2040.0,2019.0,4059.0,4072.0,8496.0,12411.0,725765.0,713354.0,365610.0,347587.0,215822.0,218577.0,1753.0,1854.0
ETH,32.34,Ethiopia,4.25,"$96,107,662,398 ",101.00%,8.10%,39.1,66.2,401.0,,37.80%,0.08,"112,078,730",2.08%,Ethiopia,2020.0,SSA,ETH,481110.0,398531.0,141262.0,106364.0,247626.0,785441.0,364297.0,1150744.0,69072832.0,67922088.0,34431592.0,33491506.0,22650860.0,23239887.0,56273.0,62200.0
FJI,21.28,Fiji,2.77,"$5,535,548,972 ",106.40%,16.10%,21.6,67.3,34.0,$1.28 ,21.40%,0.84,"889,953",4.10%,Fiji,2020.0,EAP-OTH,FJI,105735.0,118984.0,39637.0,49005.0,88642.0,10464.0,10259.0,20701.0,636377.0,615676.0,305223.0,310431.0,126944.0,133123.0,1123.0,1181.0
FIN,8.6,Finland,1.41,"$268,761,201,365 ",100.20%,88.20%,1.4,81.7,3.0,,19.90%,3.81,"5,520,314",6.59%,Finland,2020.0,ECA-HIC,FIN,103103.0,165162.0,37755.0,75258.0,113013.0,318200.0,300670.0,641316.0,4652275.0,4010959.0,2073538.0,1959867.0,428440.0,448828.0,6805.0,4928.0
FRA,11.3,France,1.88,"$2,715,518,274,227 ",102.50%,65.60%,3.4,82.5,8.0,$11.16 ,6.80%,3.27,"67,059,887",8.43%,France,2020.0,ECA-HIC,FRA,934046.0,1005665.0,466615.0,488839.0,955454.0,3980174.0,3774606.0,7864984.0,55484888.0,47619904.0,25182866.0,22547244.0,5813847.0,6081170.0,63077.0,65380.0
GAB,31.61,Gabon,3.97,"$16,657,960,228 ",139.90%,8.30%,32.7,66.2,252.0,$1.46 ,25.90%,0.68,"2,172,579",20.00%,Gabon,2020.0,SSA,GAB,26198.0,31364.0,8673.0,9646.0,18319.0,35437.0,78391.0,112586.0,1396332.0,1283746.0,603626.0,678878.0,410857.0,418539.0,4094.0,4854.0
GMB,38.54,The Gambia,5.22,"$1,763,819,048 ",98.00%,2.70%,39.0,61.7,597.0,$0.13 ,20.30%,0.1,"2,347,706",9.06%,"Gambia, The",2020.0,SSA,GMB,75025.0,43733.0,14184.0,7908.0,22092.0,14681.0,12962.0,27958.0,1354534.0,1326576.0,679084.0,647807.0,526078.0,536052.0,10265.0,17989.0
GEO,13.47,Georgia,2.06,"$17,743,195,770 ",98.60%,63.90%,8.7,73.6,25.0,$0.05 ,57.30%,7.12,"3,720,382",14.40%,Georgia,2020.0,ECA-OTH,GEO,392661.0,394066.0,122001.0,128794.0,250795.0,639749.0,813092.0,1453297.0,2969970.0,1516673.0,774084.0,743045.0,361306.0,391440.0,13484.0,12324.0
DEU,9.5,Germany,1.56,"$3,845,630,030,824 ",104.00%,70.20%,3.1,80.9,7.0,$9.99 ,12.50%,4.25,"83,132,799",3.04%,Germany,2020.0,ECA-HIC,DEU,1791327.0,2193960.0,828320.0,999164.0,1827484.0,5417024.0,4364493.0,9727940.0,71555280.0,61827340.0,32070040.0,29703720.0,5618426.0,5987170.0,106037.0,101266.0
GHA,29.41,Ghana,3.87,"$66,983,634,224 ",104.80%,15.70%,34.9,63.8,308.0,$0.27 ,36.10%,0.14,"30,792,608",4.33%,Ghana,2020.0,SSA,GHA,466295.0,440257.0,140276.0,99967.0,240243.0,334232.0,133527.0,472361.0,19535204.0,19062842.0,9542319.0,9525125.0,5647100.0,5890642.0,33596.0,46140.0
GRC,8.1,Greece,1.35,"$209,852,761,469 ",99.60%,136.60%,3.6,81.3,3.0,$4.46 ,35.50%,5.48,"10,716,322",17.24%,Greece,2020.0,ECA-HIC,GRC,505516.0,457038.0,143827.0,114997.0,258824.0,1004118.0,1210084.0,2208746.0,9239297.0,7030551.0,3530882.0,3494214.0,707562.0,753697.0,38960.0,35563.0
GRD,16.47,Grenada,2.06,"$1,228,170,370 ",106.90%,104.60%,13.7,72.4,25.0,,57.00%,1.41,"112,003",,Grenada,2020.0,LAC,GRD,32553.0,38636.0,12265.0,17454.0,29719.0,6246.0,8504.0,14744.0,85765.0,71021.0,34305.0,36710.0,13044.0,13710.0,2201.0,2185.0
GTM,24.56,Guatemala,2.87,"$76,710,385,880 ",101.90%,21.80%,22.1,74.1,95.0,$1.60 ,55.80%,0.35,"16,604,026",2.46%,Guatemala,2020.0,LAC,GTM,596017.0,463210.0,106408.0,91779.0,198187.0,115760.0,94351.0,209015.0,11237353.0,11028338.0,5708277.0,5318967.0,2749503.0,2871477.0,45904.0,48630.0
GIN,36.36,Guinea,4.7,"$13,590,281,809 ",91.50%,11.60%,64.9,61.2,576.0,,54.50%,0.08,"12,771,246",4.30%,Guinea,2020.0,SSA,GIN,232027.0,178637.0,29343.0,19246.0,48589.0,272211.0,141345.0,423900.0,7479262.0,7055362.0,3831182.0,3234524.0,2807031.0,2846499.0,26902.0,32767.0
GNB,35.13,Guinea-Bissau,4.48,"$1,340,389,411 ",118.70%,2.60%,54.0,58.0,667.0,$0.16 ,37.20%,0.13,"1,920,922",2.47%,Guinea-Bissau,2020.0,SSA,GNB,47310.0,36511.0,5038.0,4651.0,9689.0,12591.0,3449.0,16237.0,1142871.0,1126635.0,592104.0,534727.0,409750.0,415377.0,6801.0,9054.0
GUY,19.97,Guyana,2.46,"$4,280,443,645 ",97.80%,11.60%,25.1,69.8,169.0,$0.98 ,40.50%,0.8,"782,766",11.85%,Guyana,2020.0,LAC,GUY,196251.0,234528.0,73367.0,96257.0,169624.0,1061.0,2132.0,3195.0,568432.0,565237.0,282488.0,282751.0,106390.0,111737.0,8318.0,8262.0
HTI,24.35,Haiti,2.94,"$8,498,981,821 ",113.60%,1.10%,49.5,63.7,480.0,$0.25 ,36.30%,0.23,"11,263,077",13.78%,Haiti,2020.0,LAC,HTI,903672.0,767107.0,200536.0,209477.0,410013.0,14935.0,36756.0,56131.0,7699685.0,7643555.0,3919794.0,3728200.0,1819538.0,1883310.0,42288.0,47191.0
VAT,,Vatican City,,,,,,,,,,,836,,,,,,,,,,,,,,,,,,,,,
HND,21.6,Honduras,2.46,"$25,095,395,475 ",91.50%,26.20%,15.1,75.1,65.0,$1.01 ,49.10%,0.31,"9,746,117",5.39%,Honduras,2020.0,LAC,HND,387361.0,442510.0,74557.0,104832.0,179389.0,219959.0,242639.0,461998.0,6874968.0,6412970.0,3231074.0,3181296.0,1482015.0,1547625.0,35804.0,37598.0
HUN,9.6,Hungary,1.54,"$160,967,157,504 ",100.80%,48.50%,3.6,75.8,12.0,$2.62 ,29.00%,3.41,"9,769,949",3.40%,Hungary,2020.0,ECA-HIC,HUN,297569.0,309047.0,108713.0,134931.0,243644.0,612344.0,913901.0,1514669.0,8345284.0,6830615.0,3511129.0,3307911.0,684087.0,720778.0,20520.0,21807.0
ISL,12.0,Iceland,1.71,"$24,188,035,739 ",100.40%,71.80%,1.5,82.7,4.0,,17.00%,4.08,"361,313",2.84%,Iceland,2020.0,ECA-HIC,ISL,19690.0,20276.0,9185.0,10216.0,19401.0,19795.0,26284.0,46339.0,295282.0,248943.0,121393.0,127810.0,34717.0,36464.0,1390.0,1363.0
IND,17.86,India,2.22,"$2,611,000,000,000 ",113.00%,28.10%,29.9,69.4,145.0,$0.30 ,65.10%,0.86,"1,366,417,754",5.36%,India,2020.0,SA,IND,10963024.0,5674454.0,3971195.0,2387464.0,6358659.0,45798452.0,24515572.0,70361040.0,1018986816.0,948625792.0,466778464.0,481894304.0,171609375.0,189408211.0,477812.0,872365.0
IDN,18.07,Indonesia,2.31,"$1,119,190,780,753 ",106.40%,36.30%,21.1,71.5,177.0,$0.48 ,48.30%,0.43,"270,203,917",4.69%,Indonesia,2020.0,EAP-OTH,IDN,2254077.0,1896637.0,347032.0,347293.0,694325.0,7785797.0,7670346.0,15380064.0,202582512.0,187202448.0,93508200.0,93618168.0,34627215.0,36313890.0,138973.0,290210.0
IRN,18.78,Iran,2.14,"$445,345,282,123 ",110.70%,68.10%,12.4,76.5,16.0,$1.58 ,39.70%,1.58,"82,913,906",11.38%,"Iran, Islamic Rep.",2020.0,MENA-OTH,IRN,675843.0,597314.0,382488.0,325677.0,708165.0,7222072.0,6898417.0,14085528.0,63209152.0,49123624.0,24568156.0,24520508.0,10117975.0,10665826.0,26891.0,35000.0
IRQ,29.08,Iraq,3.67,"$234,094,042,939 ",108.70%,16.20%,22.5,70.5,79.0,$1.24 ,76.50%,0.71,"39,309,783",12.82%,Iraq,2020.0,MENA-OTH,IRQ,884391.0,848328.0,272989.0,190057.0,463046.0,1096974.0,577123.0,1682566.0,25053092.0,23370526.0,11914721.0,11464274.0,7372881.0,7796530.0,117735.0,119648.0
IRL,12.5,Republic of Ireland,1.75,"$388,698,711,348 ",100.90%,77.80%,3.1,82.3,5.0,$10.79 ,15.20%,3.31,"5,007,069",4.93%,Ireland,2020.0,ECA-HIC,IRL,322299.0,351797.0,142965.0,176687.0,319652.0,461135.0,603282.0,1061598.0,3947046.0,2885449.0,1401245.0,1481384.0,506029.0,532599.0,20431.0,19617.0
ISR,20.8,Israel,3.09,"$395,098,666,122 ",104.90%,63.40%,3.0,82.8,3.0,$7.58 ,24.40%,4.62,"9,053,300",3.86%,Israel,2020.0,MENA-OTH,ISR,180884.0,151294.0,93554.0,72842.0,166396.0,773532.0,901637.0,1673909.0,6650678.0,4976769.0,2478571.0,2496939.0,1248266.0,1316156.0,22639.0,22525.0
ITA,7.3,Italy,1.29,"$2,001,244,392,042 ",101.90%,61.90%,2.6,82.9,2.0,,22.80%,3.98,"60,297,396",9.89%,Italy,2020.0,ECA-HIC,ITA,1576678.0,1323578.0,445939.0,353176.0,799115.0,2276296.0,2982749.0,5248389.0,51728648.0,46480260.0,23775560.0,22694044.0,3746365.0,3974516.0,57357.0,80089.0
JAM,16.1,Jamaica,1.98,"$16,458,071,068 ",91.00%,27.10%,12.4,74.4,80.0,$1.33 ,23.70%,1.31,"2,948,279",8.00%,Jamaica,2020.0,LAC,JAM,459473.0,616593.0,187152.0,318219.0,505371.0,86170.0,150351.0,235913.0,2269490.0,2033577.0,1001937.0,1031032.0,339232.0,352439.0,20450.0,19574.0
JPN,7.4,Japan,1.42,"$5,081,769,542,380 ",98.80%,63.20%,1.8,84.2,5.0,$6.77 ,13.10%,2.41,"126,226,568",2.29%,Japan,2020.0,EAP-HIC,JPN,382544.0,557436.0,243023.0,350542.0,593565.0,17972544.0,10428179.0,28716948.0,110543328.0,81826384.0,46537732.0,35604872.0,7647241.0,8070432.0,50608.0,50067.0
JOR,21.98,Jordan,2.76,"$43,743,661,972 ",81.50%,34.40%,13.9,74.4,46.0,$1.49 ,25.10%,2.32,"10,101,694",14.72%,Jordan,2020.0,MENA-OTH,JOR,450743.0,262093.0,140155.0,79090.0,219245.0,179871.0,67547.0,237867.0,6851018.0,6613151.0,3325070.0,3278530.0,1644544.0,1707578.0,40887.0,56363.0
KAZ,21.77,Kazakhstan,2.84,"$180,161,741,180 ",104.40%,61.70%,8.8,73.2,10.0,$0.41 ,38.80%,3.25,"18,513,930",4.59%,Kazakhstan,2020.0,ECA-OTH,KAZ,1816916.0,2119164.0,436532.0,601574.0,1038106.0,730206.0,1076827.0,1796206.0,13289482.0,11493276.0,5923740.0,5558709.0,2652372.0,2813812.0,40353.0,38509.0
KEN,28.75,Kenya,3.49,"$95,503,088,538 ",103.20%,11.50%,30.6,66.3,342.0,$0.25 ,33.40%,0.16,"52,573,973",2.64%,Kenya,2020.0,SSA,KEN,228091.0,258416.0,115654.0,120702.0,236356.0,860300.0,612242.0,1474065.0,33021168.0,31547104.0,16152318.0,15396307.0,10288213.0,10461920.0,29947.0,26920.0
KIR,27.89,Kiribati,3.57,"$194,647,202 ",101.30%,,41.2,68.1,92.0,,0.20%,0.2,"117,606",,Kiribati,2020.0,EAP-OTH,KIR,2398.0,2503.0,603.0,706.0,1309.0,1043.0,1178.0,2220.0,76545.0,74325.0,38703.0,35621.0,20821.0,22080.0,280.0,249.0
KWT,13.94,Kuwait,2.08,"$134,761,198,946 ",92.40%,54.40%,6.7,75.4,12.0,$0.95 ,14.40%,2.58,"4,207,083",2.18%,Kuwait,2020.0,GCC,KWT,119202.0,71656.0,65490.0,35496.0,100986.0,127509.0,136763.0,263424.0,3354007.0,3090583.0,1094563.0,1995172.0,424791.0,491765.0,9435.0,14934.0
KGZ,27.1,Kyrgyzstan,3.3,"$8,454,619,608 ",107.60%,41.30%,16.9,71.4,60.0,$0.09 ,48.20%,1.88,"6,456,900",6.33%,Kyrgyz Republic,2020.0,ECA-OTH,KGZ,353039.0,386960.0,89890.0,119723.0,209613.0,206757.0,264131.0,469576.0,4431636.0,3962060.0,2012661.0,1948088.0,1048282.0,1099982.0,9715.0,9042.0
LAO,23.55,Laos,2.67,"$18,173,839,128 ",102.40%,15.00%,37.6,67.6,185.0,$0.83 ,45.40%,0.37,"7,169,455",0.63%,Lao PDR,2020.0,EAP-OTH,LAO,460090.0,582317.0,48439.0,40385.0,88824.0,210395.0,124843.0,336930.0,4951215.0,4614285.0,2358111.0,2257867.0,1140808.0,1183533.0,119874.0,90961.0
LVA,10.0,Latvia,1.6,"$34,117,202,555 ",99.40%,88.10%,3.3,74.7,19.0,$2.80 ,41.60%,3.19,"1,912,789",6.52%,Latvia,2020.0,ECA-HIC,LVA,160570.0,191819.0,65110.0,86589.0,151699.0,91501.0,201199.0,286998.0,1588167.0,1301169.0,673009.0,622458.0,150339.0,161943.0,9754.0,9090.0
LBN,17.55,Lebanon,2.09,"$53,367,042,272 ",95.10%,26.30%,6.4,78.9,29.0,$2.15 ,32.10%,2.1,"6,855,713",6.23%,Lebanon,2020.0,MENA-OTH,LBN,483318.0,334170.0,175007.0,120259.0,295266.0,487437.0,541304.0,1028684.0,5114389.0,4085705.0,2026782.0,2058867.0,821610.0,889443.0,15770.0,24936.0
LSO,26.81,Lesotho,3.14,"$2,460,072,444 ",120.90%,10.20%,65.7,53.7,544.0,$0.41 ,16.90%,0.07,"2,125,268",23.41%,Lesotho,2020.0,SSA,LSO,82183.0,104442.0,1872.0,3262.0,5134.0,5548.0,6567.0,12107.0,1451633.0,1439526.0,733766.0,705752.0,344969.0,345650.0,7083.0,6201.0
LBR,33.04,Liberia,4.32,"$3,070,518,100 ",85.10%,11.90%,53.5,63.7,661.0,$0.17 ,19.60%,0.04,"4,937,374",2.81%,Liberia,2020.0,SSA,LBR,102588.0,105760.0,43647.0,37541.0,81188.0,32142.0,19659.0,56667.0,3015781.0,2959115.0,1494865.0,1469116.0,1000615.0,1041281.0,15477.0,15058.0
LBY,18.83,Libya,2.24,"$52,076,250,948 ",109.00%,60.50%,10.2,72.7,72.0,$1.88 ,36.70%,2.09,"6,777,452",18.56%,Libya,2020.0,MENA-OTH,LBY,92616.0,74442.0,36595.0,21865.0,58460.0,323320.0,582813.0,895960.0,4962117.0,4066157.0,1890505.0,2165479.0,929232.0,979938.0,9196.0,11793.0
LIE,9.9,Liechtenstein,1.44,"$6,552,858,739 ",104.70%,35.60%,,83.0,,,,,"38,019",,Liechtenstein,2020.0,ECA-HIC,LIE,1118.0,1827.0,442.0,538.0,980.0,,,,,,,,,,183.0,107.0
LTU,10.0,Lithuania,1.63,"$54,219,315,600 ",103.90%,72.40%,3.3,75.7,8.0,$2.41 ,32.10%,6.35,"2,786,844",6.35%,Lithuania,2020.0,ECA-HIC,LTU,266848.0,342229.0,98695.0,143799.0,242494.0,183821.0,323962.0,502838.0,2362294.0,1859456.0,966928.0,887583.0,210409.0,222182.0,21198.0,17806.0
LUX,10.3,Luxembourg,1.37,"$71,104,919,108 ",102.30%,19.20%,1.9,82.1,5.0,$13.05 ,10.60%,3.01,"645,397",5.36%,Luxembourg,2020.0,ECA-HIC,LUX,30342.0,30894.0,10509.0,11017.0,21526.0,57850.0,51492.0,108949.0,532341.0,423392.0,212165.0,210834.0,47928.0,50150.0,3064.0,2280.0
MDG,32.66,Madagascar,4.08,"$14,083,906,357 ",142.50%,5.40%,38.2,66.7,335.0,$0.21 ,21.70%,0.18,"26,969,307",1.76%,Madagascar,2020.0,SSA,MDG,63675.0,93584.0,24060.0,30174.0,54234.0,177206.0,139506.0,316800.0,16597292.0,16280492.0,8242962.0,8037618.0,5493932.0,5599795.0,16576.0,7379.0
MWI,34.12,Malawi,4.21,"$7,666,704,427 ",142.50%,0.80%,35.3,63.8,349.0,$0.12 ,11.00%,0.04,"18,628,747",5.65%,Malawi,2020.0,SSA,MWI,181195.0,121972.0,8944.0,6760.0,15704.0,16554.0,7976.0,24865.0,10905594.0,10880729.0,5608844.0,5272220.0,4079098.0,4145263.0,3146.0,3505.0
MYS,16.75,Malaysia,2.0,"$364,701,517,788 ",105.30%,45.10%,6.7,76.0,29.0,$0.93 ,36.70%,1.51,"32,447,385",3.32%,Malaysia,2020.0,EAP-OTH,MYS,677009.0,889248.0,164163.0,207583.0,371746.0,1317515.0,1355619.0,2653098.0,24776784.0,22123686.0,10696469.0,11407180.0,3683097.0,3906118.0,168835.0,128945.0
MDV,14.2,Maldives,1.87,"$5,729,248,472 ",97.10%,31.20%,7.4,78.6,53.0,,16.40%,4.56,"530,953",6.14%,Maldives,2020.0,SA,MDV,1418.0,1700.0,427.0,553.0,980.0,1228.0,479.0,1725.0,434596.0,432871.0,145854.0,287035.0,51281.0,54665.0,312.0,276.0
MLI,41.54,Mali,5.88,"$17,510,141,171 ",75.60%,4.50%,62.0,58.9,562.0,$0.23 ,46.30%,0.13,"19,658,031",7.22%,Mali,2020.0,SSA,MLI,639538.0,467318.0,27906.0,13953.0,41859.0,92788.0,83673.0,175245.0,10731463.0,10556218.0,5342594.0,5212408.0,4679393.0,4839978.0,84018.0,101749.0
MLT,9.2,Malta,1.23,"$14,786,156,563 ",105.00%,54.30%,6.1,82.3,6.0,$5.07 ,37.10%,2.86,"502,653",3.47%,Malta,2020.0,ECA-HIC,MLT,42545.0,41745.0,10587.0,10212.0,20799.0,32971.0,37707.0,70570.0,441258.0,370688.0,183409.0,187171.0,35791.0,38283.0,2879.0,3217.0
MHL,29.03,Marshall Islands,4.05,"$221,278,000 ",84.70%,23.70%,27.4,65.2,,$2.00 ,10.00%,0.42,"58,791",,Marshall Islands,2020.0,EAP-OTH,MHL,12121.0,11725.0,3192.0,2747.0,5939.0,,,,,,,,,,2004.0,2532.0
MRT,33.69,Mauritania,4.56,"$7,593,752,450 ",99.90%,5.00%,51.5,64.7,766.0,$0.53 ,48.20%,0.19,"4,525,696",9.55%,Mauritania,2020.0,SSA,MRT,56157.0,30395.0,7216.0,2494.0,9710.0,29403.0,9582.0,39150.0,2804438.0,2765288.0,1397397.0,1368058.0,907701.0,937521.0,6405.0,10741.0
MUS,10.2,Mauritius,1.41,"$14,180,444,557 ",101.10%,40.60%,13.6,74.4,61.0,$0.38 ,50.70%,2.53,"1,265,711",6.67%,Mauritius,2020.0,SSA,MUS,77154.0,90546.0,32922.0,31066.0,63988.0,16566.0,9506.0,25953.0,1053290.0,1027337.0,527546.0,499672.0,104182.0,108268.0,6801.0,5707.0
MEX,17.6,Mexico,2.13,"$1,258,286,717,125 ",105.80%,40.20%,11.0,75.0,33.0,$0.49 ,41.40%,2.38,"126,014,024",3.42%,Mexico,2020.0,LAC,MEX,5873237.0,5477627.0,1055957.0,1156552.0,2212509.0,6918298.0,6384475.0,13285808.0,95622624.0,82336816.0,43195976.0,39123880.0,16280814.0,17029309.0,192289.0,202367.0
FSM,22.82,Federated States of Micronesia,3.05,"$401,932,279 ",97.20%,14.10%,25.6,67.8,88.0,,2.50%,0.18,"113,815",,"Micronesia, Fed. Sts.",2020.0,EAP-OTH,FSM,15531.0,16436.0,5706.0,5341.0,11047.0,3675.0,3666.0,7341.0,79144.0,71803.0,35383.0,36420.0,17492.0,18385.0,1563.0,1562.0
MDA,10.1,Moldova,1.26,"$11,955,435,457 ",90.60%,39.80%,13.6,71.8,19.0,$0.31 ,46.20%,3.21,"2,657,637",5.47%,Moldova,2020.0,ECA-OTH,MDA,390319.0,477886.0,96348.0,142524.0,238872.0,198941.0,279361.0,476293.0,2204143.0,1727850.0,883917.0,841924.0,202205.0,214147.0,38904.0,35842.0
MCO,5.9,Monaco,,"$7,184,844,193 ",,,2.6,,,$11.72 ,6.10%,6.56,"38,964",,Monaco,2020.0,ECA-HIC,MCO,10598.0,11644.0,4020.0,4331.0,8351.0,,,,,,,,,,1270.0,1051.0
MNG,24.13,Mongolia,2.9,"$13,852,850,259 ",104.00%,65.60%,14.0,69.7,45.0,$0.65 ,39.30%,2.86,"3,225,167",6.01%,Mongolia,2020.0,EAP-OTH,MNG,39910.0,45237.0,24489.0,26192.0,50681.0,233523.0,290109.0,521146.0,2258976.0,1737830.0,869677.0,865667.0,503467.0,515849.0,1304.0,1242.0
MNE,11.73,Montenegro,1.75,"$5,494,736,901 ",100.00%,56.10%,2.3,76.8,6.0,$1.23 ,31.80%,2.76,"622,137",14.88%,,,,,,,,,,,,,,,,,,,,
MAR,18.94,Morocco,2.42,"$118,725,279,596 ",113.90%,35.90%,19.2,76.5,70.0,$1.60 ,53.10%,0.73,"36,910,560",9.02%,Morocco,2020.0,MENA-OTH,MAR,1635817.0,1478257.0,346324.0,280985.0,627309.0,1285075.0,746790.0,2038628.0,27030340.0,24991712.0,13036717.0,11961758.0,4810164.0,5070054.0,57068.0,162224.0
MOZ,37.52,Mozambique,4.85,"$14,934,159,926 ",112.60%,7.30%,54.0,60.2,289.0,$0.27 ,6.80%,0.08,"30,366,036",3.24%,Mozambique,2020.0,SSA,MOZ,354911.0,223734.0,13124.0,17064.0,30188.0,195317.0,107643.0,306309.0,17483416.0,17177106.0,9092611.0,8087846.0,6866946.0,6905072.0,21875.0,20243.0
MMR,17.55,Myanmar,2.15,"$76,085,852,617 ",112.30%,18.80%,36.8,66.9,250.0,$0.39 ,73.90%,0.68,"54,045,420",1.58%,Myanmar,2020.0,EAP-OTH,MMR,1944613.0,1212782.0,77726.0,56828.0,134554.0,1087403.0,860037.0,1940394.0,40543136.0,38602740.0,20443828.0,18151864.0,6885738.0,6980923.0,167282.0,378331.0
NAM,28.64,Namibia,3.4,"$12,366,527,719 ",124.20%,22.90%,29.0,63.4,195.0,,8.30%,0.42,"2,494,530",20.27%,Namibia,2020.0,SSA,NAM,22955.0,23029.0,6813.0,6813.0,13626.0,15449.0,19035.0,34616.0,1604812.0,1570196.0,822114.0,748214.0,468084.0,468020.0,734.0,649.0
NRU,,Nauru,,"$133,000,000 ",,,,,,,,,"10,084",,Nauru,2020.0,EAP-HIC,NRU,1066.0,1093.0,390.0,436.0,826.0,,,,,,,,,,128.0,114.0
NPL,19.89,Nepal,1.92,"$30,641,380,604 ",142.10%,12.40%,26.7,70.5,186.0,$0.36 ,60.40%,0.75,"28,608,710",1.41%,Nepal,2020.0,SA,NPL,1249219.0,915376.0,206467.0,119647.0,326114.0,408258.0,230585.0,639494.0,20742576.0,20103082.0,11409257.0,8694476.0,4148531.0,4245701.0,203539.0,209790.0
NLD,9.7,Netherlands,1.59,"$909,070,395,161 ",104.20%,85.00%,3.3,81.8,5.0,$10.29 ,12.30%,3.61,"17,332,850",3.20%,Netherlands,2020.0,ECA-HIC,NLD,444839.0,441882.0,196945.0,187432.0,384377.0,1492241.0,1413483.0,2895588.0,14702891.0,11807304.0,6005207.0,5791960.0,1332894.0,1405715.0,42236.0,40514.0
NZL,11.98,New Zealand,1.71,"$206,928,765,544 ",100.00%,82.00%,4.7,81.9,9.0,$11.49 ,12.60%,3.59,"4,841,000",4.07%,New Zealand,2020.0,EAP-HIC,NZL,372285.0,353155.0,132138.0,161043.0,293181.0,182377.0,360754.0,531836.0,4101141.0,3569305.0,1746329.0,1811682.0,481247.0,507812.0,6078.0,8048.0
NIC,20.64,Nicaragua,2.4,"$12,520,915,291 ",120.60%,17.40%,15.7,74.3,98.0,$0.54 ,36.00%,0.98,"6,545,502",6.84%,Nicaragua,2020.0,LAC,NIC,319496.0,379188.0,68597.0,87075.0,155672.0,236174.0,295038.0,531056.0,4670268.0,4139212.0,2113242.0,2025814.0,951425.0,1002861.0,13193.0,21306.0
NER,46.08,Niger,6.91,"$12,928,145,120 ",74.70%,4.40%,48.0,62.0,509.0,$0.29 ,52.30%,0.04,"23,310,715",0.47%,Niger,2020.0,SSA,NER,197242.0,132731.0,9895.0,5225.0,15120.0,77341.0,31268.0,113299.0,12182720.0,12069421.0,6099762.0,5974350.0,5905441.0,6118475.0,29396.0,36914.0
NGA,37.91,Nigeria,5.39,"$448,120,428,859 ",84.70%,10.20%,75.7,54.3,917.0,$0.54 ,72.20%,0.38,"200,963,599",8.10%,Nigeria,2020.0,SSA,NGA,800997.0,730170.0,338874.0,268817.0,607691.0,7205075.0,4574636.0,11786936.0,116494400.0,104707464.0,53274612.0,51440080.0,43820702.0,45824482.0,72345.0,97398.0
PRK,13.89,North Korea,1.9,"$32,100,000,000 ",112.80%,27.00%,13.7,72.1,89.0,,,3.67,"25,666,161",2.74%,"Korea, Dem. People's Rep.",2020.0,EAP-OTH,PRK,50920.0,45290.0,17465.0,15043.0,32508.0,2188537.0,1872758.0,4065184.0,20663454.0,16598270.0,8798464.0,7803696.0,2499215.0,2616146.0,5174.0,5596.0
MKD,,North Macedonia,,"$10,220,781,069 ",,,,,,,35.60%,,"1,836,713",,North Macedonia,2020.0,ECA-OTH,MKD,335026.0,314124.0,44173.0,40973.0,85146.0,103893.0,104795.0,208689.0,1734497.0,1525808.0,767687.0,758122.0,163345.0,174689.0,33559.0,18001.0
NOR,10.4,Norway,1.56,"$403,336,363,636 ",100.30%,82.00%,2.1,82.8,2.0,,14.30%,2.92,"5,347,896",3.35%,Norway,2020.0,ECA-HIC,NOR,72742.0,89606.0,36765.0,44530.0,81295.0,379851.0,479087.0,853505.0,4451134.0,3597629.0,1730114.0,1862082.0,451401.0,476940.0,7869.0,6120.0
OMN,19.19,Oman,2.89,"$76,983,094,928 ",103.40%,38.00%,9.8,77.6,19.0,$4.33 ,6.40%,2.0,"5,266,535",2.67%,Oman,2020.0,GCC,OMN,11199.0,8977.0,5862.0,3373.0,9235.0,526624.0,234809.0,762571.0,3958298.0,3195727.0,942714.0,2254151.0,558869.0,589455.0,1783.0,2262.0
PAK,28.25,Pakistan,3.51,"$304,400,000,000 ",94.30%,9.00%,57.2,67.1,140.0,$0.69 ,66.50%,0.98,"216,565,318",4.45%,Pakistan,2020.0,SA,PAK,3953628.0,2048225.0,1079702.0,539434.0,1619136.0,5732105.0,3530901.0,9309655.0,143978592.0,134668944.0,66665924.0,68049656.0,37023502.0,39890248.0,101995.0,216282.0
PLW,14.0,Palau,2.21,"$283,994,900 ",112.60%,54.70%,16.6,69.1,,$3.00 ,21.80%,1.18,"18,233",,Palau,2020.0,EAP-OTH,PLW,234.0,165.0,61.0,54.0,115.0,,,,,,,,,,18.0,20.0
PSE,,Palestine,,,,,,,,,,,,,Palestine,2020.0,MENA-OTH,PSE,1668824.0,1503650.0,469772.0,215781.0,685553.0,240011.0,287670.0,527535.0,2960681.0,2433146.0,1179189.0,1253811.0,900632.0,941956.0,371995.0,410228.0
PAN,18.98,Panama,2.46,"$66,800,800,000 ",94.40%,47.80%,13.1,78.3,52.0,$1.53 ,30.50%,1.57,"4,246,439",3.90%,Panama,2020.0,LAC,PAN,76106.0,103530.0,41363.0,60606.0,101969.0,211731.0,278614.0,490136.0,3171578.0,2681442.0,1317115.0,1364118.0,559159.0,584031.0,3687.0,4100.0
PNG,27.07,Papua New Guinea,3.56,"$24,969,611,435 ",108.50%,1.80%,38.0,64.3,145.0,$1.16 ,5.80%,0.07,"8,776,109",2.46%,Papua New Guinea,2020.0,EAP-OTH,PNG,1352.0,1546.0,673.0,778.0,1451.0,14392.0,16698.0,32320.0,5802505.0,5770185.0,2842578.0,2928837.0,1519679.0,1624843.0,104.0,118.0
PRY,20.57,Paraguay,2.43,"$38,145,288,940 ",104.40%,34.60%,17.2,74.1,129.0,$1.55 ,36.50%,1.35,"7,044,636",4.81%,Paraguay,2020.0,LAC,PRY,333611.0,461991.0,21748.0,37311.0,59059.0,207373.0,279609.0,491396.0,5071693.0,4580297.0,2221139.0,2363574.0,1007423.0,1053414.0,57026.0,55808.0
PER,17.95,Peru,2.25,"$226,848,050,820 ",106.90%,70.70%,11.1,76.5,88.0,$1.28 ,30.90%,1.27,"32,510,453",3.31%,Peru,2020.0,LAC,PER,659168.0,795241.0,210752.0,248741.0,459493.0,1937737.0,1924127.0,3870065.0,24830392.0,20960328.0,10612537.0,10355990.0,4056576.0,4084879.0,58719.0,60435.0
PHL,20.55,Philippines,2.58,"$376,795,508,680 ",107.50%,35.50%,22.5,71.1,121.0,$1.12 ,53.50%,0.6,"108,116,615",2.15%,Philippines,2020.0,EAP-OTH,PHL,2704431.0,3170604.0,1225750.0,1654127.0,2879877.0,2142340.0,2932241.0,5028129.0,76659984.0,71631856.0,35573880.0,36011528.0,16046139.0,16874956.0,146251.0,204909.0
POL,10.2,Poland,1.46,"$592,164,400,688 ",100.00%,67.80%,3.8,77.6,2.0,$2.93 ,23.20%,2.38,"37,970,874",3.47%,Poland,2020.0,ECA-HIC,POL,1994865.0,2205477.0,653808.0,842628.0,1496436.0,2038040.0,3073161.0,5089983.0,32131702.0,27041720.0,13651523.0,13368978.0,2811082.0,2956286.0,144039.0,147037.0
PRT,8.5,Portugal,1.38,"$237,686,075,635 ",106.20%,63.90%,3.1,81.3,8.0,$3.78 ,27.70%,5.12,"10,269,417",6.33%,Portugal,2020.0,ECA-HIC,PRT,981674.0,919490.0,179878.0,183049.0,362927.0,105877.0,383044.0,446392.0,8952903.0,8506511.0,4388301.0,4075682.0,654216.0,689962.0,54164.0,61169.0
QAT,9.54,Qatar,1.87,"$183,466,208,791 ",103.80%,17.90%,5.8,80.1,9.0,,6.20%,2.49,"2,832,067",0.09%,Qatar,2020.0,GCC,QAT,10812.0,11015.0,3560.0,4137.0,7697.0,173717.0,104426.0,274040.0,2488106.0,2214066.0,420328.0,1789635.0,191171.0,201783.0,2102.0,1866.0
ROU,9.6,Romania,1.71,"$250,077,444,017 ",85.20%,49.40%,6.1,75.4,19.0,$2.25 ,21.30%,2.98,"19,356,544",3.98%,,,,,,,,,,,,,,,,,,,,
RUS,11.5,Russia,1.57,"$1,699,876,578,871 ",102.60%,81.90%,6.1,72.7,17.0,$0.53 ,36.40%,4.01,"144,373,535",4.59%,Russian Federation,2020.0,ECA-OTH,RUS,3854702.0,5111668.0,1318376.0,1891660.0,3210036.0,16291987.0,15774894.0,32441412.0,117618048.0,85176640.0,48641352.0,36909816.0,12879313.0,13575776.0,865338.0,701526.0
RWA,31.7,Rwanda,4.04,"$10,122,472,590 ",133.00%,6.70%,27.0,68.7,248.0,,26.00%,0.13,"12,626,950",1.03%,Rwanda,2020.0,SSA,RWA,199832.0,208231.0,55828.0,41854.0,97682.0,85542.0,56606.0,143697.0,7839420.0,7695724.0,3980936.0,3716336.0,2547236.0,2565553.0,47218.0,46606.0
KNA,12.6,Saint Kitts and Nevis,2.11,"$1,050,992,593 ",108.70%,86.70%,9.8,71.3,,$3.33 ,56.60%,2.52,"52,823",,St. Kitts and Nevis,2020.0,LAC,KNA,10548.0,13617.0,4340.0,5667.0,10007.0,,,,,,,,,,666.0,773.0
LCA,12.0,Saint Lucia,1.44,"$2,122,450,630 ",102.60%,14.10%,14.9,76.1,117.0,,48.40%,0.64,"182,790",20.71%,St. Lucia,2020.0,LAC,LCA,20251.0,27773.0,7375.0,13679.0,21054.0,12937.0,17607.0,30649.0,150665.0,120016.0,59330.0,60791.0,16270.0,16694.0,1009.0,996.0
VCT,14.24,Saint Vincent and the Grenadines,1.89,"$825,385,185 ",113.40%,23.70%,14.8,72.4,68.0,$1.16 ,21.40%,0.66,"100,455",18.88%,St. Vincent and the Grenadines,2020.0,LAC,VCT,25233.0,31497.0,8405.0,12814.0,21219.0,4556.0,5990.0,10553.0,86645.0,76092.0,36677.0,39422.0,12062.0,12240.0,1050.0,1002.0
WSM,24.38,Samoa,3.88,"$850,655,017 ",110.50%,7.60%,13.6,73.2,43.0,$0.78 ,11.50%,0.34,"202,506",8.36%,Samoa,2020.0,EAP-OTH,WSM,50956.0,53481.0,6799.0,9211.0,16010.0,7698.0,7401.0,15099.0,124603.0,109504.0,52820.0,56684.0,35486.0,38321.0,416.0,422.0
SMR,6.8,San Marino,1.26,"$1,637,931,034 ",108.10%,42.50%,1.7,85.4,,,18.30%,6.11,"33,860",,San Marino,2020.0,ECA-HIC,SMR,694.0,687.0,87.0,118.0,205.0,,,,,,,,,,75.0,69.0
STP,31.54,Sao Tome and Principe,4.32,"$429,016,605 ",106.80%,13.40%,24.4,70.2,130.0,,11.70%,0.05,"215,056",13.37%,Sao Tome and Principe,2020.0,SSA,STP,16047.0,18270.0,1963.0,2922.0,4885.0,689.0,828.0,1519.0,127644.0,126125.0,63394.0,62733.0,45264.0,46253.0,862.0,854.0
SAU,17.8,Saudi Arabia,2.32,"$792,966,838,162 ",99.80%,68.00%,6.0,75.0,17.0,$3.85 ,15.00%,2.61,"34,268,528",5.93%,Saudi Arabia,2020.0,GCC,SAU,161090.0,107365.0,88419.0,54136.0,142555.0,2881675.0,1760093.0,4598838.0,26216152.0,21617314.0,8686800.0,12887584.0,4235666.0,4362049.0,16962.0,21929.0
SEN,34.52,Senegal,4.63,"$23,578,084,052 ",81.00%,12.80%,31.8,67.7,315.0,$0.31 ,44.20%,0.07,"16,296,364",6.60%,Senegal,2020.0,SSA,SEN,390046.0,231302.0,69782.0,43328.0,113110.0,162205.0,46909.0,206860.0,9612430.0,9405570.0,5007911.0,4395406.0,3518326.0,3613174.0,26596.0,59535.0
SRB,9.2,Serbia,1.49,"$51,409,167,351 ",100.30%,67.20%,4.8,75.5,12.0,$1.57 ,40.60%,3.11,"6,944,975",12.69%,,,,,,,,,,,,,,,,,,,,
SYC,17.1,Seychelles,2.41,"$1,698,843,063 ",100.40%,17.10%,12.4,72.8,53.0,$2.00 ,2.50%,0.95,"97,625",,Seychelles,2020.0,SSA,SYC,10968.0,14077.0,3645.0,4385.0,8030.0,6091.0,6025.0,12127.0,75062.0,62935.0,30551.0,32395.0,11384.0,12016.0,1548.0,1161.0
SLE,33.41,Sierra Leone,4.26,"$3,941,474,311 ",112.80%,2.00%,78.5,54.3,1120.0,$0.57 ,38.20%,0.03,"7,813,215",4.43%,Sierra Leone,2020.0,SSA,SLE,67982.0,62732.0,27907.0,25220.0,53127.0,15753.0,28153.0,41687.0,4758781.0,4717094.0,2361743.0,2353132.0,1605850.0,1612354.0,7482.0,6948.0
SGP,8.8,Singapore,1.14,"$372,062,527,489 ",100.60%,84.80%,2.3,83.1,8.0,,36.70%,2.29,"5,703,569",4.11%,Singapore,2020.0,EAP-HIC,SGP,146532.0,159515.0,65094.0,71418.0,136512.0,1037098.0,931206.0,1965085.0,4986385.0,3021301.0,1439482.0,1578599.0,338985.0,360437.0,23248.0,25916.0
SVK,10.6,Slovakia,1.52,"$105,422,304,976 ",98.70%,46.60%,4.6,77.2,5.0,$3.11 ,18.40%,3.42,"5,454,073",5.56%,Slovak Republic,2020.0,ECA-HIC,SVK,155643.0,191260.0,51397.0,70475.0,121872.0,172582.0,251231.0,418845.0,4609786.0,4190941.0,2134852.0,2051122.0,414663.0,434378.0,11509.0,10904.0
SVN,9.4,Slovenia,1.6,"$53,742,159,517 ",100.40%,78.60%,1.7,81.0,7.0,$5.25 ,12.50%,3.09,"2,087,946",4.20%,Slovenia,2020.0,ECA-HIC,SVN,58152.0,71567.0,15725.0,18229.0,33954.0,108315.0,171512.0,276870.0,1784187.0,1507317.0,729478.0,774882.0,154503.0,163729.0,3705.0,3548.0
SLB,32.44,Solomon Islands,4.4,"$1,425,074,226 ",106.20%,,17.1,72.8,104.0,$0.40 ,3.30%,0.19,"669,823",0.58%,Solomon Islands,2020.0,EAP-OTH,SLB,1890.0,1986.0,612.0,798.0,1410.0,14255.0,9600.0,23878.0,411917.0,388039.0,194828.0,193234.0,133188.0,141773.0,116.0,90.0
SOM,41.75,Somalia,6.07,"$4,720,727,278 ",23.40%,2.50%,76.6,57.1,829.0,,,0.02,"15,442,905",11.35%,Somalia,2020.0,SSA,SOM,868591.0,802404.0,113070.0,80816.0,193886.0,150126.0,48271.0,198732.0,8558512.0,8359780.0,4278182.0,4081933.0,3642679.0,3692028.0,143634.0,167770.0
ZAF,20.51,South Africa,2.41,"$351,431,649,241 ",100.90%,22.40%,28.5,63.9,119.0,,7.70%,0.91,"58,558,270",28.18%,South Africa,2020.0,SSA,ZAF,426472.0,434934.0,229442.0,233818.0,463260.0,996026.0,990399.0,1987630.0,42227120.0,40239488.0,20657676.0,19583020.0,8444602.0,8636966.0,29350.0,36170.0
KOR,6.4,South Korea,0.98,"$2,029,000,000,000 ",98.10%,94.30%,2.7,82.6,11.0,$6.49 ,36.80%,2.36,"51,709,098",4.15%,"Korea, Rep.",2020.0,EAP-HIC,KOR,963114.0,1119927.0,590883.0,642687.0,1233570.0,6801241.0,5684818.0,12483313.0,45334520.0,32851208.0,17044454.0,15804006.0,3157238.0,3344482.0,95571.0,110324.0
SSD,35.01,South Sudan,4.7,"$11,997,800,751 ",73.00%,,63.7,57.6,1150.0,,61.30%,,"11,062,113",12.24%,South Sudan,2020.0,SSA,SSD,1147213.0,1163076.0,404896.0,407168.0,812064.0,162136.0,110509.0,272892.0,6567616.0,6294725.0,3195916.0,3099055.0,2284290.0,2341823.0,143471.0,127471.0
ESP,7.9,Spain,1.26,"$1,394,116,310,769 ",102.70%,88.90%,2.5,83.3,4.0,$5.60 ,24.20%,3.87,"47,076,781",13.96%,Spain,2020.0,ECA-HIC,ESP,618448.0,672051.0,232602.0,251912.0,484514.0,3927543.0,4481469.0,8395310.0,40543340.0,32148030.0,16302636.0,15831693.0,3301855.0,3518226.0,45081.0,44832.0
LKA,15.83,Sri Lanka,2.2,"$84,008,783,756 ",100.20%,19.60%,6.4,76.8,36.0,$0.35 ,38.40%,1.0,"21,803,000",4.20%,Sri Lanka,2020.0,SA,LKA,1030545.0,743544.0,271758.0,205225.0,476983.0,206254.0,267330.0,472218.0,16727518.0,16255300.0,8575866.0,7678068.0,2565953.0,2625529.0,83218.0,99307.0
SDN,32.18,Sudan,4.41,"$18,902,284,476 ",76.80%,16.90%,42.1,65.1,295.0,$0.41 ,63.20%,0.26,"42,813,238",16.53%,Sudan,2020.0,SSA,SDN,995340.0,791649.0,251888.0,184943.0,436831.0,474494.0,554681.0,1027392.0,26397540.0,25370148.0,12782202.0,12586162.0,8605091.0,8846639.0,149693.0,179740.0
SUR,18.54,Suriname,2.42,"$3,985,250,737 ",108.80%,12.60%,16.9,71.6,120.0,,10.10%,1.21,"581,372",7.33%,Suriname,2020.0,LAC,SUR,79652.0,104639.0,18433.0,25545.0,43978.0,12228.0,15279.0,27486.0,430209.0,402723.0,201151.0,201551.0,75382.0,81043.0,7769.0,7223.0
SWE,11.4,Sweden,1.76,"$530,832,908,738 ",126.60%,67.00%,2.2,82.5,4.0,,15.20%,3.98,"10,285,453",6.48%,Sweden,2020.0,ECA-HIC,SWE,130745.0,160556.0,63893.0,84242.0,148135.0,797252.0,1073114.0,1876164.0,8528796.0,6652632.0,3206846.0,3451585.0,887215.0,937431.0,14738.0,12455.0
CHE,10.0,Switzerland,1.52,"$703,082,435,360 ",105.20%,59.60%,3.7,83.6,5.0,,28.30%,4.3,"8,574,832",4.58%,Switzerland,2020.0,ECA-HIC,CHE,286586.0,322106.0,110706.0,118600.0,229306.0,935439.0,722421.0,1649314.0,7344648.0,5695334.0,2999865.0,2686923.0,629585.0,662328.0,20601.0,13328.0
SYR,23.69,Syria,2.81,"$40,405,006,007 ",81.70%,40.10%,14.0,71.8,31.0,$1.02 ,53.70%,1.22,"17,070,135",8.37%,Syrian Arab Republic,2020.0,MENA-OTH,SYR,4074099.0,2954518.0,880115.0,335297.0,1215412.0,294601.0,160162.0,457822.0,12114891.0,11657069.0,5941233.0,5718896.0,2639198.0,2746568.0,240569.0,653797.0
TJK,30.76,Tajikistan,3.59,"$8,116,626,794 ",100.90%,31.30%,30.4,70.9,17.0,$0.23 ,63.10%,1.7,"9,321,018",11.02%,Tajikistan,2020.0,ECA-OTH,TJK,323558.0,237271.0,70612.0,75412.0,146024.0,358877.0,233330.0,617740.0,5982954.0,5365214.0,2770405.0,2620342.0,1728169.0,1826519.0,5336.0,7553.0
TZA,36.7,Tanzania,4.89,"$63,177,068,175 ",94.20%,4.00%,37.6,65.0,524.0,$0.09 ,26.10%,0.01,"58,005,463",1.98%,Tanzania,2020.0,SSA,TZA,125649.0,126230.0,35150.0,32806.0,67956.0,229064.0,117790.0,351334.0,33717316.0,33365982.0,16903890.0,16466573.0,12861425.0,13155471.0,16135.0,16517.0
THA,10.34,Thailand,1.53,"$543,649,976,166 ",99.80%,49.30%,7.8,76.9,37.0,$1.06 ,11.80%,0.81,"69,625,582",0.75%,Thailand,2020.0,EAP-OTH,THA,374451.0,596861.0,191438.0,222856.0,414294.0,3637221.0,4807828.0,8344371.0,58246340.0,49901968.0,25416776.0,24384516.0,5609314.0,5944323.0,52590.0,65960.0
TLS,29.42,East Timor,4.02,"$1,673,540,300 ",115.30%,17.80%,39.3,69.3,142.0,$0.60 ,10.20%,0.72,"3,500,000",4.55%,,,,,,,,,,,,,,,,,,,,
TGO,33.11,Togo,4.32,"$5,459,979,417 ",123.80%,14.50%,47.4,60.8,396.0,$0.34 ,51.00%,0.08,"8,082,366",2.04%,Togo,2020.0,SSA,TGO,244887.0,245705.0,39946.0,20413.0,60359.0,70949.0,38079.0,108956.0,4914565.0,4805609.0,2444242.0,2361296.0,1677012.0,1687160.0,38641.0,38905.0
TON,24.3,Tonga,3.56,"$450,353,314 ",116.30%,6.40%,13.4,70.8,52.0,,10.20%,0.52,"100,209",1.12%,Tonga,2020.0,EAP-OTH,TON,30323.0,30493.0,5685.0,6779.0,12464.0,43.0,32.0,72.0,68955.0,68883.0,35086.0,33794.0,17675.0,19067.0,341.0,256.0
TTO,12.94,Trinidad and Tobago,1.73,"$24,100,202,834 ",106.20%,12.00%,16.4,73.4,67.0,$2.25 ,37.30%,4.17,"1,394,973",2.69%,Trinidad and Tobago,2020.0,LAC,TTO,145187.0,199294.0,73421.0,109771.0,183192.0,36733.0,50946.0,87506.0,1118720.0,1031214.0,519361.0,511680.0,138237.0,142534.0,3979.0,3357.0
TUN,17.56,Tunisia,2.2,"$38,797,709,924 ",115.40%,31.70%,14.6,76.5,43.0,$0.47 ,39.80%,1.3,"11,694,719",16.02%,Tunisia,2020.0,MENA-OTH,TUN,383784.0,293025.0,105411.0,83671.0,189082.0,418932.0,412731.0,826866.0,8947793.0,8120928.0,4153386.0,3962744.0,1391749.0,1479076.0,9970.0,19826.0
TUR,16.03,Turkey,2.07,"$754,411,708,203 ",93.20%,23.90%,9.1,77.4,17.0,$3.45 ,16.90%,1.85,"83,429,615",13.49%,Turkiye,2020.0,ECA-OTH,TUR,1476097.0,1325854.0,320448.0,280368.0,600816.0,3239804.0,2534631.0,5735986.0,64146560.0,58410576.0,30297376.0,28074748.0,9870936.0,10321572.0,104213.0,126725.0
TKM,23.83,Turkmenistan,2.79,"$40,761,142,857 ",88.40%,8.00%,39.3,68.1,7.0,$0.88 ,71.10%,2.22,"5,942,089",3.91%,Turkmenistan,2020.0,ECA-OTH,TKM,113054.0,123233.0,34941.0,46444.0,81385.0,268364.0,237114.0,505797.0,4174074.0,3668277.0,1909031.0,1759565.0,915732.0,941381.0,742.0,1059.0
TUV,,Tuvalu,,"$47,271,463 ",86.00%,,20.6,,,,0.70%,0.92,"11,646",,Tuvalu,2020.0,EAP-OTH,TUV,1814.0,1839.0,490.0,399.0,889.0,,,,,,,,,,210.0,188.0
UGA,38.14,Uganda,4.96,"$34,387,229,486 ",102.70%,4.80%,33.8,63.0,375.0,$0.01 ,40.50%,0.17,"44,269,594",1.84%,Uganda,2020.0,SSA,UGA,305441.0,327807.0,76049.0,70534.0,146583.0,164955.0,101486.0,277301.0,24692872.0,24415572.0,12664088.0,11762343.0,10428837.0,10619291.0,61874.0,57146.0
UKR,8.7,Ukraine,1.3,"$153,781,069,118 ",99.00%,82.70%,7.5,71.6,19.0,$0.84 ,47.80%,2.99,"44,385,155",8.88%,Ukraine,2020.0,ECA-OTH,UKR,2567756.0,3089286.0,916145.0,1132930.0,2049075.0,3901311.0,6304455.0,10149310.0,37075104.0,26925794.0,13955379.0,12913961.0,3424527.0,3632415.0,211660.0,108384.0
ARE,10.33,United Arab Emirates,1.41,"$421,142,267,938 ",108.40%,36.80%,6.5,77.8,3.0,,17.80%,2.53,"9,770,529",2.35%,United Arab Emirates,2020.0,GCC,ARE,91831.0,77954.0,31501.0,22444.0,53945.0,2637281.0,864351.0,3509108.0,8425228.0,4916121.0,1471986.0,3451610.0,717714.0,747458.0,16979.0,19733.0
GBR,11.0,United Kingdom,1.68,"$2,827,113,184,696 ",101.20%,60.00%,3.6,81.3,7.0,$10.13 ,14.80%,2.81,"66,834,405",3.85%,United Kingdom,2020.0,ECA-HIC,GBR,2256521.0,2180563.0,1107196.0,1070741.0,2177937.0,6339583.0,6714723.0,13052486.0,55222904.0,42170416.0,21430992.0,20737608.0,5790623.0,6067470.0,117035.0,118055.0
USA,11.6,United States,1.73,"$21,427,700,000,000 ",101.80%,88.20%,5.6,78.5,19.0,$7.25 ,11.10%,2.61,"328,239,523",14.70%,United States,2020.0,NOAM,USA,1153432.0,1146012.0,520655.0,531801.0,1052456.0,37582080.0,41044508.0,78533104.0,270598528.0,192065424.0,96647152.0,95324800.0,29776773.0,31125769.0,196355.0,204074.0
URY,13.86,Uruguay,1.97,"$56,045,912,952 ",108.50%,63.10%,6.4,77.8,17.0,$1.66 ,16.20%,5.05,"3,461,734",8.73%,Uruguay,2020.0,LAC,URY,175502.0,180437.0,38936.0,43132.0,82068.0,95596.0,166916.0,259521.0,2767343.0,2507822.0,1283140.0,1221692.0,345335.0,361049.0,2502.0,3976.0
UZB,23.3,Uzbekistan,2.42,"$57,921,286,440 ",104.20%,10.10%,19.1,71.6,29.0,$0.24 ,42.70%,2.37,"33,580,650",5.92%,Uzbekistan,2020.0,ECA-OTH,UZB,1036063.0,960180.0,267034.0,291191.0,558225.0,2123299.0,2224163.0,4347250.0,24373202.0,20025952.0,10135820.0,9889921.0,4794583.0,5064265.0,8871.0,10521.0
VUT,29.6,Vanuatu,3.78,"$917,058,851 ",109.30%,4.70%,22.3,70.3,72.0,$1.56 ,8.90%,0.17,"299,882",4.39%,Vanuatu,2020.0,EAP-OTH,VUT,1035.0,991.0,377.0,476.0,853.0,3850.0,3231.0,7087.0,189173.0,182086.0,91243.0,90849.0,56986.0,60991.0,40.0,50.0
VEN,17.88,Venezuela,2.27,"$482,359,318,768 ",97.20%,79.30%,21.4,72.1,125.0,$0.01 ,45.80%,1.92,"28,515,829",8.80%,"Venezuela, RB",2020.0,LAC,VEN,2195041.0,2319608.0,920951.0,792488.5,1713439.5,1432925.0,2316526.0,3705871.0,20683548.0,16977676.0,8339556.0,8594542.0,3794930.0,3957465.0,375424.0,381347.0
VNM,16.75,Vietnam,2.05,"$261,921,244,843 ",110.60%,28.50%,16.5,75.3,43.0,$0.73 ,43.50%,0.82,"96,462,106",2.01%,Vietnam,2020.0,EAP-OTH,VNM,1458866.0,1575188.0,610521.0,549952.0,1160473.0,1702263.0,1351767.0,3059255.0,74761840.0,71702584.0,36715452.0,34992352.0,10673109.0,11903637.0,125891.0,146278.0
YEM,30.45,Yemen,3.79,"$26,914,402,224 ",93.60%,10.20%,42.9,66.1,164.0,,81.00%,0.31,"29,161,922",12.91%,"Yemen, Rep.",2020.0,MENA-OTH,YEM,809089.0,428021.0,171902.0,83239.0,255141.0,468147.0,175297.0,653861.0,18243880.0,17590020.0,8950011.0,8650424.0,5675675.0,5906414.0,29829.0,51052.0
ZMB,36.19,Zambia,4.63,"$23,064,722,446 ",98.70%,4.10%,40.4,63.5,213.0,$0.24 ,27.50%,1.19,"17,861,030",11.43%,Zambia,2020.0,SSA,ZMB,79831.0,87238.0,25556.0,26670.0,52226.0,73089.0,41543.0,115165.0,10291816.0,10176651.0,5230427.0,4946757.0,4008980.0,4083160.0,5081.0,6964.0
ZWE,30.68,Zimbabwe,3.62,"$21,440,758,800 ",109.90%,10.00%,33.9,61.2,458.0,,25.80%,0.21,"14,645,468",4.95%,Zimbabwe,2020.0,SSA,ZWE,568560.0,521132.0,104561.0,106734.0,211295.0,183789.0,90895.0,285258.0,8633707.0,8348450.0,4577572.0,3781451.0,3102450.0,3126770.0,46737.0,46256.0
