abb,birth_rate,country_x,fertility_rate,gdp,pschool_enrollment,tschool_enrollment,infant_mortality,life_expectancy,maternal_mortality_ratio,minimum_wage,oop_healthcare,physicians_per1000,population,unemployment,country_y,year,region10_ori,iso3,Immigrants_males,Immigrants_females,Immigrants_males_HS,Immigrants_females_HS,Immigrants_HS_total,Labor_males_HS,Labor_females_HS,Labor_HS,Labor,Labor_LS,Labor_females_LS,Labor_males_LS,popf014,popm014,Immigrants_014_female,Immigrants_014_male,Immigrants_total
AFG,32.49,Afghanistan,4.47,19101353833.0,1.04,0.09699999999999999,47.9,64.5,638.0,0.43,78.4,0.28,38041754.0,11.12,Afghanistan,2020.0,SA,AFG,60837.0,63844.0,914.0,600.0,1514.0,913010.0,195448.0,1124901.0,22647496.0,21522594.0,10809482.0,10729555.0,7947146.0,8333700.0,11065.0,8352.0,124681.0
ALB,11.78,Albania,1.62,15278077447.0,1.07,0.55,7.8,78.5,15.0,1.12,56.9,1.2,2854191.0,12.33,Albania,2020.0,ECA-OTH,ALB,20677.0,19956.0,4222.0,2486.0,6708.0,125250.0,92899.0,218361.0,2348722.0,2130361.0,1069069.0,1061504.0,231501.0,257626.0,3946.0,4231.0,40633.0
DZA,24.28,Algeria,3.02,169988236398.0,1.099,0.514,20.1,76.7,112.0,0.95,28.1,1.72,43053054.0,11.7,Algeria,2020.0,MENA-OTH,DZA,115269.0,102860.0,39009.0,29455.0,68464.0,1245680.0,1494801.0,2734122.0,30352152.0,27618030.0,13593534.0,14018136.0,6608900.0,6889992.0,15376.0,16873.0,218129.0
AND,7.2,Andorra,1.27,3154057987.0,1.064,,2.7,,,6.63,36.4,3.33,77142.0,,Andorra,2020.0,ECA-HIC,AND,21099.0,19985.0,7039.0,6392.0,13431.0,,,,,,,,,,2256.0,2237.0,41084.0
AGO,40.73,Angola,5.52,94635415870.0,1.135,0.09300000000000001,51.6,60.8,241.0,0.71,33.4,0.21,31825295.0,6.89,Angola,2020.0,SSA,AGO,315000.0,313024.0,18107.0,10323.0,28430.0,47667.0,34679.0,82270.0,17617840.0,17535570.0,8980643.0,8554850.0,7590076.0,7658353.0,12009.0,16401.0,628024.0
ATG,15.33,Antigua and Barbuda,1.99,1727759259.0,1.05,0.248,5.0,76.9,42.0,3.04,24.3,2.76,97118.0,,Antigua and Barbuda,2020.0,LAC,ATG,11831.0,14503.0,4068.0,4993.0,9061.0,5122.0,7891.0,13013.0,76531.0,63518.0,32214.0,31304.0,10554.0,10843.0,1763.0,1293.0,26334.0
ARG,17.02,Argentina,2.26,449663446954.0,1.097,0.9,8.8,76.5,39.0,3.35,17.6,3.96,44938712.0,9.79,Argentina,2020.0,LAC,ARG,963712.0,1138980.0,86296.0,91760.0,178056.0,237143.0,830439.0,1003291.0,34288808.0,33285518.0,16967224.0,16254003.0,5441658.0,5646296.0,80215.0,98821.0,2102692.0
ARM,13.99,Armenia,1.76,13672802158.0,0.927,0.546,11.0,74.9,26.0,0.66,81.6,4.4,2957731.0,16.99,Armenia,2020.0,ECA-OTH,ARM,71341.0,102947.0,17652.0,24246.0,41898.0,251687.0,325272.0,578575.0,2345922.0,1767347.0,954318.0,814646.0,289898.0,327414.0,9317.0,6744.0,174288.0
AUS,12.6,Australia,1.74,1392680589329.0,1.003,1.131,3.1,82.7,6.0,13.59,19.6,3.68,25766605.0,5.27,Australia,2020.0,EAP-HIC,AUS,3534152.0,3621613.0,1606949.0,1784018.0,3390967.0,2302878.0,2709742.0,5025884.0,20736410.0,15710526.0,7775254.0,7948536.0,2413342.0,2543515.0,162325.0,226639.0,7155765.0
AUT,9.7,Austria,1.47,446314739528.0,1.031,0.851,2.9,81.6,5.0,,17.9,5.17,8877067.0,4.67,Austria,2020.0,ECA-HIC,AUT,764813.0,812123.0,176857.0,206302.0,383159.0,701627.0,651745.0,1349522.0,7631748.0,6282226.0,3246952.0,3031424.0,622613.0,662503.0,45325.0,51898.0,1576936.0
AZE,14.0,Azerbaijan,1.73,39207000000.0,0.997,0.27699999999999997,19.2,72.9,26.0,0.47,78.6,3.45,10023318.0,5.51,Azerbaijan,2020.0,ECA-OTH,AZE,104245.0,111683.0,17629.0,21010.0,38639.0,590139.0,499364.0,1090482.0,7719692.0,6629210.0,3443371.0,3186818.0,1108727.0,1264702.0,19538.0,16762.0,215928.0
BHS,13.97,The Bahamas,1.75,12827000000.0,0.8140000000000001,0.151,8.3,73.8,70.0,5.25,27.8,1.94,389482.0,10.36,"Bahamas, The",2020.0,LAC,BHS,29752.0,28845.0,7810.0,10017.0,17827.0,36815.0,52419.0,89067.0,308301.0,219235.0,107993.0,111074.0,41743.0,43204.0,2578.0,2411.0,58597.0
BHR,13.99,Bahrain,1.99,38574069149.0,0.9940000000000001,0.505,6.1,77.2,14.0,,25.1,0.93,1501635.0,0.71,Bahrain,2020.0,GCC,BHR,661895.0,221671.0,92216.0,28533.0,120749.0,112816.0,67219.0,175842.0,1390494.0,1214652.0,382045.0,828414.0,151845.0,159244.0,20185.0,32343.0,883566.0
BGD,18.18,Bangladesh,2.04,302571254131.0,1.165,0.20600000000000002,25.1,72.3,173.0,0.51,71.8,0.58,167310838.0,4.19,Bangladesh,2020.0,SA,BGD,895751.0,864353.0,94476.0,159482.0,253958.0,5719430.0,2702666.0,8459605.0,120627488.0,112167880.0,57170308.0,55035088.0,21557302.0,22504586.0,157077.0,198227.0,1760104.0
BRB,10.65,Barbados,1.62,5209000000.0,0.9940000000000001,0.654,11.3,79.1,27.0,3.13,45.2,2.48,287025.0,10.33,Barbados,2020.0,LAC,BRB,14782.0,18122.0,1360.0,2230.0,3590.0,5086.0,7869.0,12838.0,239206.0,226368.0,116737.0,109514.0,23681.0,24484.0,1079.0,886.0,32904.0
BLR,9.9,Belarus,1.45,63080457023.0,1.005,0.8740000000000001,2.6,74.2,2.0,1.49,34.5,5.19,9466856.0,4.59,Belarus,2020.0,ECA-OTH,BLR,420084.0,523512.0,128119.0,159362.0,287481.0,718697.0,1032792.0,1750236.0,7762815.0,6012580.0,3190092.0,2821234.0,789997.0,827140.0,54865.0,68629.0,943596.0
BEL,10.3,Belgium,1.62,529606710418.0,1.0390000000000001,0.797,2.9,81.6,5.0,10.31,17.6,3.07,11484055.0,5.59,Belgium,2020.0,ECA-HIC,BEL,792003.0,847886.0,192372.0,213557.0,405929.0,1009797.0,1085062.0,2108648.0,9577799.0,7469151.0,3784398.0,3698542.0,952936.0,1013506.0,66048.0,60763.0,1639889.0
BLZ,20.79,Belize,2.31,1879613600.0,1.117,0.247,11.2,74.5,36.0,1.65,22.7,1.12,390353.0,6.41,Belize,2020.0,LAC,BLZ,25358.0,25066.0,7034.0,6828.0,13862.0,5036.0,5404.0,10425.0,281518.0,271093.0,137266.0,133812.0,57190.0,58913.0,5767.0,5852.0,50424.0
BEN,36.22,Benin,4.84,14390709095.0,1.22,0.12300000000000001,60.5,61.5,397.0,0.39,40.5,0.08,11801151.0,2.23,Benin,2020.0,SSA,BEN,117811.0,139835.0,5122.0,2028.0,7150.0,142650.0,63994.0,208963.0,7038177.0,6829214.0,3499156.0,3332377.0,2505800.0,2579221.0,43310.0,41850.0,257646.0
BTN,17.26,Bhutan,1.98,2446674101.0,1.001,0.156,24.8,71.5,183.0,0.32,19.8,0.42,727145.0,2.34,Bhutan,2020.0,SA,BTN,37107.0,6601.0,3029.0,876.0,3905.0,31328.0,12906.0,44127.0,579521.0,535394.0,254092.0,281195.0,94527.0,97564.0,1487.0,8417.0,43708.0
BOL,21.75,Bolivia,2.73,40895322865.0,0.982,,21.8,71.2,155.0,1.36,25.9,1.59,11513100.0,3.5,Bolivia,2020.0,LAC,BOL,70215.0,63657.0,25240.0,21803.0,47043.0,675362.0,609153.0,1281428.0,8147430.0,6866002.0,3481317.0,3381598.0,1724540.0,1801059.0,14503.0,15751.0,133872.0
BIH,8.11,Bosnia and Herzegovina,1.27,20047848435.0,,0.233,5.0,77.3,10.0,1.04,28.6,2.16,3301000.0,18.42,Bosnia and Herzegovina,2020.0,ECA-OTH,BIH,13818.0,15829.0,7019.0,5679.0,12698.0,291275.0,300931.0,592298.0,2804363.0,2212065.0,1141608.0,1070550.0,231668.0,244784.0,3333.0,3062.0,29647.0
BWA,24.82,Botswana,2.87,18340510789.0,1.032,0.249,30.0,69.3,144.0,0.29,5.3,0.37,2346179.0,18.19,Botswana,2020.0,SSA,BWA,61623.0,46434.0,16534.0,10770.0,27304.0,50645.0,31610.0,82940.0,1566092.0,1483152.0,792644.0,691193.0,388272.0,397261.0,1017.0,1194.0,108057.0
BRA,13.92,Brazil,1.73,1839758040766.0,1.1540000000000001,0.513,12.8,75.7,60.0,1.53,28.3,2.15,212559417.0,12.08,Brazil,2020.0,LAC,BRA,544435.0,472635.0,216676.0,190097.0,406773.0,6058040.0,8260501.0,14246692.0,168540064.0,154293376.0,78336640.0,75884872.0,21526480.0,22492872.0,24192.0,38447.0,1017070.0
BRN,14.9,Brunei,1.85,13469422941.0,1.032,0.314,9.8,75.7,31.0,,6.0,1.61,433285.0,9.12,Brunei Darussalam,2020.0,EAP-HIC,BRN,56498.0,42401.0,2408.0,2432.0,4840.0,11149.0,14368.0,25425.0,339819.0,314394.0,148759.0,165543.0,47369.0,50295.0,6151.0,6909.0,98899.0
BGR,8.9,Bulgaria,1.56,86000000000.0,0.893,0.71,5.9,74.9,10.0,1.57,47.7,4.03,6975761.0,4.34,Bulgaria,2020.0,ECA-HIC,BGR,73840.0,76255.0,26994.0,28640.0,55634.0,382064.0,555319.0,948061.0,5916139.0,4968078.0,2516814.0,2461943.0,494769.0,523107.0,16335.0,17383.0,150095.0
BFA,37.93,Burkina Faso,5.19,15745810235.0,0.961,0.065,49.0,61.2,320.0,0.34,36.1,0.08,20321378.0,6.26,Burkina Faso,2020.0,SSA,BFA,285739.0,318586.0,23630.0,6446.0,30076.0,132720.0,50925.0,184102.0,11628432.0,11444330.0,5852796.0,5591991.0,4554844.0,4720002.0,61072.0,58592.0,604325.0
BDI,39.01,Burundi,5.41,3012334882.0,1.214,0.061,41.0,61.2,548.0,,19.1,0.1,11530580.0,1.43,Burundi,2020.0,SSA,BDI,139364.0,142851.0,39112.0,27288.0,66400.0,46726.0,14112.0,59436.0,6509974.0,6450538.0,3306351.0,3142785.0,2670454.0,2710353.0,31791.0,30761.0,282215.0
CIV,35.74,Ivory Coast,4.65,58792205642.0,0.998,0.09300000000000001,59.4,57.4,617.0,0.36,36.0,0.23,25716544.0,3.32,Cote d'Ivoire,2020.0,SSA,CIV,1256681.0,1003334.0,37955.0,21110.0,59065.0,270062.0,144141.0,409487.0,15429056.0,15019569.0,7486425.0,7528429.0,5447329.0,5501890.0,141275.0,163567.0,2260015.0
CPV,19.49,Cape Verde,2.27,1981845741.0,1.04,0.23600000000000002,16.7,72.8,58.0,0.68,23.2,0.77,483628.0,12.25,Cabo Verde,2020.0,SSA,CPV,6982.0,6691.0,533.0,741.0,1274.0,11521.0,7943.0,19444.0,399859.0,380415.0,191833.0,188562.0,77095.0,79034.0,1113.0,1003.0,13673.0
KHM,22.46,Cambodia,2.5,27089389787.0,1.074,0.13699999999999998,24.0,69.6,160.0,,59.4,0.17,16486542.0,0.68,Cambodia,2020.0,EAP-OTH,KHM,39156.0,32490.0,2039.0,1055.0,3094.0,252568.0,85564.0,344034.0,11548640.0,11204606.0,5940041.0,5270468.0,2530943.0,2639388.0,4121.0,3574.0,71646.0
CMR,35.39,Cameroon,4.57,38760467033.0,1.034,0.128,50.6,58.9,529.0,0.35,69.7,0.09,25876380.0,3.38,Cameroon,2020.0,SSA,CMR,255445.0,262887.0,9841.0,4781.0,14622.0,285073.0,184632.0,474308.0,15379629.0,14905321.0,7550247.0,7359678.0,5533911.0,5632324.0,30068.0,30809.0,518332.0
CAN,10.1,Canada,1.5,1736425629520.0,1.0090000000000001,0.6890000000000001,4.3,81.9,10.0,9.51,14.6,2.61,36991981.0,5.56,Canada,2020.0,NOAM,CAN,4196844.0,4474568.0,2411153.0,2664262.0,5075415.0,3896167.0,4852592.0,8748913.0,32036738.0,23287824.0,11376270.0,11911710.0,2929727.0,3070739.0,40002.0,45855.0,8671412.0
CAF,35.35,Central African Republic,4.72,2220307369.0,1.02,0.03,84.5,52.8,829.0,0.37,39.6,0.06,4745185.0,3.68,Central African Republic,2020.0,SSA,CAF,40362.0,36431.0,4043.0,2728.0,6771.0,20287.0,8884.0,29231.0,2726801.0,2697570.0,1381462.0,1316168.0,1045376.0,1057587.0,5760.0,5995.0,76793.0
TCD,42.17,Chad,5.75,11314951343.0,0.868,0.033,71.4,54.0,1140.0,0.6,56.4,0.04,15946876.0,1.89,Chad,2020.0,SSA,TCD,201584.0,239845.0,18052.0,12512.0,30564.0,135128.0,49178.0,184744.0,8789432.0,8604688.0,4375309.0,4229817.0,3801202.0,3835225.0,58101.0,47964.0,441429.0
CHL,12.43,Chile,1.65,282318159745.0,1.014,0.885,6.2,80.0,13.0,2.0,32.2,2.59,18952038.0,7.09,Chile,2020.0,LAC,CHL,735680.0,717073.0,84854.0,45892.0,130746.0,1020804.0,918122.0,1955285.0,15438493.0,13483208.0,6966137.0,6533431.0,1806281.0,1871435.0,26758.0,27800.0,1452753.0
CHN,10.9,China,1.69,19910000000000.0,1.002,0.506,7.4,77.0,29.0,0.87,32.4,1.98,1397715000.0,4.32,China,2020.0,EAP-OTH,CHN,525132.0,332314.0,291674.0,135601.0,427275.0,27101312.0,18752576.0,46237736.0,1161168640.0,1114930944.0,552102080.0,563212608.0,116474339.0,133457089.0,69409.0,112820.0,857446.0
COL,14.88,Colombia,1.81,323802808108.0,1.145,0.5529999999999999,12.2,77.1,83.0,1.23,18.3,2.18,50339443.0,9.71,Colombia,2020.0,LAC,COL,765468.0,762926.0,187961.0,171921.0,359882.0,4664958.0,3423781.0,8046150.0,39595244.0,31549094.0,16958294.0,14548212.0,5516246.0,5771394.0,188733.0,188267.0,1528394.0
COM,31.88,Comoros,4.21,1185728677.0,0.995,0.09,51.3,64.1,273.0,0.71,74.8,0.27,850886.0,4.34,Comoros,2020.0,SSA,COM,5042.0,5343.0,473.0,344.0,817.0,34474.0,27805.0,62297.0,530281.0,467984.0,236533.0,231469.0,166604.0,172710.0,1109.0,1002.0,10385.0
COG,32.86,Republic of the Congo,4.43,10820591131.0,1.0659999999999998,0.127,36.2,64.3,378.0,0.88,43.8,0.12,5380508.0,9.47,"Congo, Rep.",2020.0,SSA,COG,174032.0,144245.0,10223.0,5162.0,15385.0,20594.0,20577.0,43264.0,3240760.0,3197496.0,1612520.0,1587069.0,1128317.0,1149015.0,31958.0,37371.0,318277.0
CRI,13.97,Costa Rica,1.75,61773944174.0,1.133,0.552,7.6,80.1,27.0,1.84,21.5,2.89,5047561.0,11.85,Costa Rica,2020.0,LAC,CRI,242397.0,243005.0,51204.0,46500.0,97704.0,254683.0,325693.0,576815.0,4033110.0,3456295.0,1705193.0,1747541.0,518152.0,542852.0,14088.0,21242.0,485402.0
HRV,9.0,Croatia,1.47,60415553039.0,0.965,0.679,4.0,78.1,8.0,2.92,15.2,3.0,4067500.0,6.93,Croatia,2020.0,ECA-HIC,HRV,243575.0,280438.0,42489.0,46757.0,89246.0,187389.0,256500.0,440134.0,3459084.0,3018950.0,1554045.0,1461150.0,285608.0,302988.0,2054.0,1989.0,524013.0
CUB,10.17,Cuba,1.62,100023000000.0,1.0190000000000001,0.414,3.7,78.7,36.0,0.05,,8.42,11333483.0,1.64,Cuba,2020.0,LAC,CUB,1085.0,1408.0,474.0,614.0,1088.0,502795.0,822437.0,1319649.0,9523337.0,8203688.0,4004073.0,4194032.0,876638.0,926641.0,304.0,229.0,2493.0
CYP,10.46,Cyprus,1.33,24564647935.0,0.993,0.759,1.9,80.8,6.0,,43.9,1.95,1198575.0,7.27,Cyprus,2020.0,ECA-HIC,CYP,81565.0,97975.0,30584.0,41299.0,71883.0,129782.0,142243.0,272854.0,1007213.0,734359.0,364520.0,370668.0,97084.0,103064.0,6000.0,6131.0,179540.0
CZE,10.7,Czech Republic,1.69,246489245495.0,1.0070000000000001,0.6409999999999999,2.7,79.0,3.0,3.0,14.8,4.12,10669709.0,1.93,Czech Republic,2020.0,ECA-HIC,CZE,178122.0,160684.0,41723.0,39838.0,81561.0,397491.0,482397.0,873477.0,9012352.0,8138875.0,4128550.0,4003914.0,819866.0,865640.0,7362.0,8555.0,338806.0
COD,41.18,Democratic Republic of the Congo,5.92,47319624204.0,1.08,0.066,68.2,60.4,473.0,0.18,37.4,0.07,86790567.0,4.24,,,,,,,,,,,,,,,,,,,,,
DNK,10.6,Denmark,1.73,348078018464.0,1.013,0.8059999999999999,3.6,81.0,4.0,,13.7,4.01,5818553.0,4.91,Denmark,2020.0,ECA-HIC,DNK,250772.0,251884.0,74423.0,79266.0,153689.0,499543.0,707306.0,1204816.0,4881947.0,3677131.0,1763372.0,1911726.0,461878.0,487579.0,22678.0,23704.0,502656.0
DJI,21.47,Djibouti,2.73,3318716359.0,0.753,0.053,49.8,66.6,248.0,,20.4,0.22,973560.0,10.3,Djibouti,2020.0,MENA-OTH,DJI,51650.0,46543.0,647.0,344.0,991.0,21367.0,14478.0,35581.0,702349.0,666768.0,317237.0,349267.0,137294.0,148359.0,10332.0,11213.0,98193.0
DMA,12.0,Dominica,1.9,596033333.0,1.147,0.07200000000000001,32.9,76.6,,1.48,28.4,1.08,71808.0,,Dominica,2020.0,LAC,DMA,3969.0,3623.0,1094.0,982.0,2076.0,,,,,,,,,,347.0,349.0,7592.0
DOM,19.51,Dominican Republic,2.35,88941298258.0,1.057,0.599,24.1,73.9,95.0,0.4,43.7,1.56,10738958.0,5.84,Dominican Republic,2020.0,LAC,DOM,365348.0,210312.0,22903.0,19237.0,42140.0,470604.0,685580.0,1155036.0,7871311.0,6716275.0,3285805.0,3429322.0,1458313.0,1518280.0,10940.0,17194.0,575660.0
ECU,19.72,Ecuador,2.43,107435665000.0,1.033,0.449,12.2,76.8,59.0,2.46,43.7,2.04,17373662.0,3.97,Ecuador,2020.0,LAC,ECU,337287.0,310295.0,79246.0,79840.0,159086.0,585222.0,691318.0,1270268.0,12810285.0,11540017.0,5764769.0,5768977.0,2363146.0,2469629.0,67632.0,69574.0,647582.0
EGY,26.38,Egypt,3.33,303175127598.0,1.063,0.35200000000000004,18.1,71.8,37.0,,62.0,0.45,100388073.0,10.76,"Egypt, Arab Rep.",2020.0,MENA-OTH,EGY,242171.0,212584.0,93689.0,59977.0,153666.0,4270120.0,1689066.0,6042659.0,67621520.0,61578860.0,32099006.0,29563332.0,16843470.0,17869409.0,41801.0,47381.0,454755.0
SLV,18.25,El Salvador,2.04,27022640000.0,0.948,0.294,11.8,73.1,46.0,0.5,27.9,1.57,6453553.0,4.11,El Salvador,2020.0,LAC,SLV,17597.0,19980.0,3557.0,3232.0,6789.0,136774.0,137018.0,272309.0,4761482.0,4489173.0,2469869.0,2017821.0,842890.0,881829.0,2443.0,2747.0,37577.0
GNQ,33.24,Equatorial Guinea,4.51,11026774945.0,0.618,0.019,62.6,58.4,301.0,1.05,72.0,0.4,1355986.0,6.43,Equatorial Guinea,2020.0,SSA,GNQ,177093.0,52137.0,338.0,347.0,685.0,42831.0,9352.0,51142.0,886976.0,835834.0,358691.0,476102.0,254562.0,261447.0,765.0,623.0,229230.0
ERI,30.3,Eritrea,4.06,2065001626.0,0.684,0.034,31.3,65.9,480.0,,52.4,0.06,6333135.0,5.14,Eritrea,2020.0,SSA,ERI,6573.0,5153.0,1740.0,987.0,2727.0,,,,,,,,,,966.0,1242.0,11726.0
EST,10.9,Estonia,1.59,31386949981.0,0.972,0.696,2.1,78.2,9.0,3.14,22.8,4.48,1331824.0,5.11,Estonia,2020.0,ECA-HIC,EST,66090.0,70903.0,28049.0,35750.0,63799.0,84362.0,159395.0,241611.0,1110140.0,868529.0,433790.0,432593.0,106445.0,112894.0,2719.0,1944.0,136993.0
SWZ,,Eswatini,,3791304348.0,,,,,,,11.3,,1093238.0,,Eswatini,2020.0,SSA,SWZ,15244.0,13645.0,511.0,633.0,1144.0,4072.0,8496.0,12411.0,725765.0,713354.0,365610.0,347587.0,215822.0,218577.0,2292.0,1677.0,28889.0
ETH,32.34,Ethiopia,4.25,96107662398.0,1.01,0.081,39.1,66.2,401.0,,37.8,0.08,112078730.0,2.08,Ethiopia,2020.0,SSA,ETH,452137.0,460116.0,99729.0,74790.0,174519.0,785441.0,364297.0,1150744.0,69072832.0,67922088.0,34431592.0,33491506.0,22650860.0,23239887.0,88594.0,84671.0,912253.0
FJI,21.28,Fiji,2.77,5535548972.0,1.064,0.161,21.6,67.3,34.0,1.28,21.4,0.84,889953.0,4.1,Fiji,2020.0,EAP-OTH,FJI,7245.0,6074.0,1656.0,1200.0,2856.0,10464.0,10259.0,20701.0,636377.0,615676.0,305223.0,310431.0,126944.0,133123.0,412.0,356.0,13319.0
FIN,8.6,Finland,1.41,268761201365.0,1.002,0.882,1.4,81.7,3.0,,19.9,3.81,5520314.0,6.59,Finland,2020.0,ECA-HIC,FIN,120633.0,114252.0,28853.0,33196.0,62049.0,318200.0,300670.0,641316.0,4652275.0,4010959.0,2073538.0,1959867.0,428440.0,448828.0,6223.0,9221.0,234885.0
FRA,11.3,France,1.88,2715518274227.0,1.025,0.6559999999999999,3.4,82.5,8.0,11.16,6.8,3.27,67059887.0,8.43,France,2020.0,ECA-HIC,FRA,3755080.0,4034719.0,1077942.0,1224903.0,2302845.0,3980174.0,3774606.0,7864984.0,55484888.0,47619904.0,25182866.0,22547244.0,5813847.0,6081170.0,197318.0,155664.0,7789799.0
GAB,31.61,Gabon,3.97,16657960228.0,1.399,0.083,32.7,66.2,252.0,1.46,25.9,0.68,2172579.0,20.0,Gabon,2020.0,SSA,GAB,251769.0,138966.0,25337.0,13715.0,39052.0,35437.0,78391.0,112586.0,1396332.0,1283746.0,603626.0,678878.0,410857.0,418539.0,9654.0,16263.0,390735.0
GMB,38.54,The Gambia,5.22,1763819048.0,0.98,0.027000000000000003,39.0,61.7,597.0,0.13,20.3,0.1,2347706.0,9.06,"Gambia, The",2020.0,SSA,GMB,93716.0,82286.0,5112.0,4652.0,9764.0,14681.0,12962.0,27958.0,1354534.0,1326576.0,679084.0,647807.0,526078.0,536052.0,19607.0,20050.0,176002.0
GEO,13.47,Georgia,2.06,17743195770.0,0.986,0.639,8.7,73.6,25.0,0.05,57.3,7.12,3720382.0,14.4,Georgia,2020.0,ECA-OTH,GEO,28757.0,36928.0,7157.0,9978.0,17135.0,639749.0,813092.0,1453297.0,2969970.0,1516673.0,774084.0,743045.0,361306.0,391440.0,7561.0,6122.0,65685.0
DEU,9.5,Germany,1.56,3845630030824.0,1.04,0.7020000000000001,3.1,80.9,7.0,9.99,12.5,4.25,83132799.0,3.04,Germany,2020.0,ECA-HIC,DEU,6327848.0,6046134.0,1479061.0,1490310.0,2969371.0,5417024.0,4364493.0,9727940.0,71555280.0,61827340.0,32070040.0,29703720.0,5618426.0,5987170.0,436216.0,479030.0,12373982.0
GHA,29.41,Ghana,3.87,66983634224.0,1.048,0.157,34.9,63.8,308.0,0.27,36.1,0.14,30792608.0,4.33,Ghana,2020.0,SSA,GHA,215795.0,190792.0,56852.0,32752.0,89604.0,334232.0,133527.0,472361.0,19535204.0,19062842.0,9542319.0,9525125.0,5647100.0,5890642.0,31219.0,38608.0,406587.0
GRC,8.1,Greece,1.35,209852761469.0,0.996,1.3659999999999999,3.6,81.3,3.0,4.46,35.5,5.48,10716322.0,17.24,Greece,2020.0,ECA-HIC,GRC,257689.0,330356.0,36449.0,69590.0,106039.0,1004118.0,1210084.0,2208746.0,9239297.0,7030551.0,3530882.0,3494214.0,707562.0,753697.0,5006.0,5498.0,588045.0
GRD,16.47,Grenada,2.06,1228170370.0,1.069,1.046,13.7,72.4,25.0,,57.0,1.41,112003.0,,Grenada,2020.0,LAC,GRD,3075.0,3622.0,690.0,846.0,1536.0,6246.0,8504.0,14744.0,85765.0,71021.0,34305.0,36710.0,13044.0,13710.0,299.0,217.0,6697.0
GTM,24.56,Guatemala,2.87,76710385880.0,1.0190000000000001,0.218,22.1,74.1,95.0,1.6,55.8,0.35,16604026.0,2.46,Guatemala,2020.0,LAC,GTM,33751.0,37970.0,5270.0,4405.0,9675.0,115760.0,94351.0,209015.0,11237353.0,11028338.0,5708277.0,5318967.0,2749503.0,2871477.0,6427.0,6165.0,71721.0
GIN,36.36,Guinea,4.7,13590281809.0,0.915,0.11599999999999999,64.9,61.2,576.0,,54.5,0.08,12771246.0,4.3,Guinea,2020.0,SSA,GIN,31751.0,22881.0,1733.0,606.0,2339.0,272211.0,141345.0,423900.0,7479262.0,7055362.0,3831182.0,3234524.0,2807031.0,2846499.0,18998.0,17221.0,54632.0
GNB,35.13,Guinea-Bissau,4.48,1340389411.0,1.187,0.026000000000000002,54.0,58.0,667.0,0.16,37.2,0.13,1920922.0,2.47,Guinea-Bissau,2020.0,SSA,GNB,7204.0,7385.0,549.0,514.0,1063.0,12591.0,3449.0,16237.0,1142871.0,1126635.0,592104.0,534727.0,409750.0,415377.0,1693.0,1663.0,14589.0
GUY,19.97,Guyana,2.46,4280443645.0,0.978,0.11599999999999999,25.1,69.8,169.0,0.98,40.5,0.8,782766.0,11.85,Guyana,2020.0,LAC,GUY,11651.0,13411.0,3656.0,4469.0,8125.0,1061.0,2132.0,3195.0,568432.0,565237.0,282488.0,282751.0,106390.0,111737.0,3261.0,2846.0,25062.0
HTI,24.35,Haiti,2.94,8498981821.0,1.136,0.011000000000000001,49.5,63.7,480.0,0.25,36.3,0.23,11263077.0,13.78,Haiti,2020.0,LAC,HTI,8626.0,6891.0,2953.0,2536.0,5489.0,14935.0,36756.0,56131.0,7699685.0,7643555.0,3919794.0,3728200.0,1819538.0,1883310.0,1494.0,1873.0,15517.0
VAT,,Vatican City,,,,,,,,,,,836.0,,,,,,,,,,,,,,,,,,,,,,
HND,21.6,Honduras,2.46,25095395475.0,0.915,0.262,15.1,75.1,65.0,1.01,49.1,0.31,9746117.0,5.39,Honduras,2020.0,LAC,HND,16494.0,14974.0,3397.0,2694.0,6091.0,219959.0,242639.0,461998.0,6874968.0,6412970.0,3231074.0,3181296.0,1482015.0,1547625.0,3647.0,4081.0,31468.0
HUN,9.6,Hungary,1.54,160967157504.0,1.008,0.485,3.6,75.8,12.0,2.62,29.0,3.41,9769949.0,3.4,Hungary,2020.0,ECA-HIC,HUN,88140.0,97772.0,29371.0,34175.0,63546.0,612344.0,913901.0,1514669.0,8345284.0,6830615.0,3511129.0,3307911.0,684087.0,720778.0,6575.0,5652.0,185912.0
ISL,12.0,Iceland,1.71,24188035739.0,1.004,0.718,1.5,82.7,4.0,,17.0,4.08,361313.0,2.84,Iceland,2020.0,ECA-HIC,ISL,31660.0,26140.0,7411.0,8490.0,15901.0,19795.0,26284.0,46339.0,295282.0,248943.0,121393.0,127810.0,34717.0,36464.0,2001.0,4622.0,57800.0
IND,17.86,India,2.22,2611000000000.0,1.13,0.281,29.9,69.4,145.0,0.3,65.1,0.86,1366417754.0,5.36,India,2020.0,SA,IND,2168737.0,2443752.0,106956.0,65057.0,172013.0,45798452.0,24515572.0,70361040.0,1018986816.0,948625792.0,466778464.0,481894304.0,171609375.0,189408211.0,161040.0,105175.0,4612489.0
IDN,18.07,Indonesia,2.31,1119190780753.0,1.064,0.363,21.1,71.5,177.0,0.48,48.3,0.43,270203917.0,4.69,Indonesia,2020.0,EAP-OTH,IDN,185877.0,133857.0,80628.0,46228.0,126856.0,7785797.0,7670346.0,15380064.0,202582512.0,187202448.0,93508200.0,93618168.0,34627215.0,36313890.0,15110.0,20661.0,319734.0
IRN,18.78,Iran,2.14,445345282123.0,1.107,0.6809999999999999,12.4,76.5,16.0,1.58,39.7,1.58,82913906.0,11.38,"Iran, Islamic Rep.",2020.0,MENA-OTH,IRN,1215202.0,1025475.0,22688.0,14805.0,37493.0,7222072.0,6898417.0,14085528.0,63209152.0,49123624.0,24568156.0,24520508.0,10117975.0,10665826.0,254242.0,302316.0,2240677.0
IRQ,29.08,Iraq,3.67,234094042939.0,1.087,0.162,22.5,70.5,79.0,1.24,76.5,0.71,39309783.0,12.82,Iraq,2020.0,MENA-OTH,IRQ,164183.0,133859.0,5025.0,1544.0,6569.0,1096974.0,577123.0,1682566.0,25053092.0,23370526.0,11914721.0,11464274.0,7372881.0,7796530.0,30480.0,37244.0,298042.0
IRL,12.5,Republic of Ireland,1.75,388698711348.0,1.0090000000000001,0.778,3.1,82.3,5.0,10.79,15.2,3.31,5007069.0,4.93,Ireland,2020.0,ECA-HIC,IRL,446736.0,460571.0,190181.0,218005.0,408186.0,461135.0,603282.0,1061598.0,3947046.0,2885449.0,1401245.0,1481384.0,506029.0,532599.0,43302.0,43813.0,907307.0
ISR,20.8,Israel,3.09,395098666122.0,1.0490000000000002,0.634,3.0,82.8,3.0,7.58,24.4,4.62,9053300.0,3.86,Israel,2020.0,MENA-OTH,ISR,623207.0,743775.0,266829.0,328936.0,595765.0,773532.0,901637.0,1673909.0,6650678.0,4976769.0,2478571.0,2496939.0,1248266.0,1316156.0,55075.0,48473.0,1366982.0
ITA,7.3,Italy,1.29,2001244392042.0,1.0190000000000001,0.619,2.6,82.9,2.0,,22.8,3.98,60297396.0,9.89,Italy,2020.0,ECA-HIC,ITA,2554989.0,3145902.0,247491.0,482345.0,729836.0,2276296.0,2982749.0,5248389.0,51728648.0,46480260.0,23775560.0,22694044.0,3746365.0,3974516.0,443309.0,434707.0,5700891.0
JAM,16.1,Jamaica,1.98,16458071068.0,0.91,0.271,12.4,74.4,80.0,1.33,23.7,1.31,2948279.0,8.0,Jamaica,2020.0,LAC,JAM,10352.0,10006.0,5330.0,5180.0,10510.0,86170.0,150351.0,235913.0,2269490.0,2033577.0,1001937.0,1031032.0,339232.0,352439.0,1615.0,1656.0,20358.0
JPN,7.4,Japan,1.42,5081769542380.0,0.988,0.632,1.8,84.2,5.0,6.77,13.1,2.41,126226568.0,2.29,Japan,2020.0,EAP-HIC,JPN,958167.0,1087632.0,293275.0,282838.0,576113.0,17972544.0,10428179.0,28716948.0,110543328.0,81826384.0,46537732.0,35604872.0,7647241.0,8070432.0,228015.0,216403.0,2045799.0
JOR,21.98,Jordan,2.76,43743661972.0,0.815,0.344,13.9,74.4,46.0,1.49,25.1,2.32,10101694.0,14.72,Jordan,2020.0,MENA-OTH,JOR,1410891.0,1379691.0,259423.0,93040.0,352463.0,179871.0,67547.0,237867.0,6851018.0,6613151.0,3325070.0,3278530.0,1644544.0,1707578.0,321363.0,345746.0,2790582.0
KAZ,21.77,Kazakhstan,2.84,180161741180.0,1.044,0.617,8.8,73.2,10.0,0.41,38.8,3.25,18513930.0,4.59,Kazakhstan,2020.0,ECA-OTH,KAZ,1581474.0,1605508.0,520078.0,540933.0,1061011.0,730206.0,1076827.0,1796206.0,13289482.0,11493276.0,5923740.0,5558709.0,2652372.0,2813812.0,276468.0,268624.0,3186982.0
KEN,28.75,Kenya,3.49,95503088538.0,1.032,0.115,30.6,66.3,342.0,0.25,33.4,0.16,52573973.0,2.64,Kenya,2020.0,SSA,KEN,440915.0,431688.0,33560.0,27129.0,60689.0,860300.0,612242.0,1474065.0,33021168.0,31547104.0,16152318.0,15396307.0,10288213.0,10461920.0,88484.0,89060.0,872603.0
KIR,27.89,Kiribati,3.57,194647202.0,1.013,,41.2,68.1,92.0,,0.2,0.2,117606.0,,Kiribati,2020.0,EAP-OTH,KIR,1513.0,1340.0,432.0,388.0,820.0,1043.0,1178.0,2220.0,76545.0,74325.0,38703.0,35621.0,20821.0,22080.0,136.0,137.0,2853.0
KWT,13.94,Kuwait,2.08,134761198946.0,0.924,0.544,6.7,75.4,12.0,0.95,14.4,2.58,4207083.0,2.18,Kuwait,2020.0,GCC,KWT,2025371.0,1007560.0,266875.0,131199.0,398074.0,127509.0,136763.0,263424.0,3354007.0,3090583.0,1094563.0,1995172.0,424791.0,491765.0,39169.0,38059.0,3032931.0
KGZ,27.1,Kyrgyzstan,3.3,8454619608.0,1.0759999999999998,0.413,16.9,71.4,60.0,0.09,48.2,1.88,6456900.0,6.33,Kyrgyz Republic,2020.0,ECA-OTH,KGZ,69474.0,102492.0,27956.0,44067.0,72023.0,206757.0,264131.0,469576.0,4431636.0,3962060.0,2012661.0,1948088.0,1048282.0,1099982.0,16063.0,10982.0,171966.0
LAO,23.55,Laos,2.67,18173839128.0,1.024,0.15,37.6,67.6,185.0,0.83,45.4,0.37,7169455.0,0.63,Lao PDR,2020.0,EAP-OTH,LAO,25603.0,14118.0,10276.0,4015.0,14291.0,210395.0,124843.0,336930.0,4951215.0,4614285.0,2358111.0,2257867.0,1140808.0,1183533.0,3220.0,5790.0,39721.0
LVA,10.0,Latvia,1.6,34117202555.0,0.9940000000000001,0.8809999999999999,3.3,74.7,19.0,2.8,41.6,3.19,1912789.0,6.52,Latvia,2020.0,ECA-HIC,LVA,70461.0,94715.0,23068.0,31153.0,54221.0,91501.0,201199.0,286998.0,1588167.0,1301169.0,673009.0,622458.0,150339.0,161943.0,3632.0,6068.0,165176.0
LBN,17.55,Lebanon,2.09,53367042272.0,0.951,0.263,6.4,78.9,29.0,2.15,32.1,2.1,6855713.0,6.23,Lebanon,2020.0,MENA-OTH,LBN,672131.0,698700.0,205185.0,137587.0,342772.0,487437.0,541304.0,1028684.0,5114389.0,4085705.0,2026782.0,2058867.0,821610.0,889443.0,174356.0,167576.0,1370831.0
LSO,26.81,Lesotho,3.14,2460072444.0,1.209,0.102,65.7,53.7,544.0,0.41,16.9,0.07,2125268.0,23.41,Lesotho,2020.0,SSA,LSO,5849.0,4890.0,757.0,497.0,1254.0,5548.0,6567.0,12107.0,1451633.0,1439526.0,733766.0,705752.0,344969.0,345650.0,633.0,688.0,10739.0
LBR,33.04,Liberia,4.32,3070518100.0,0.851,0.11900000000000001,53.5,63.7,661.0,0.17,19.6,0.04,4937374.0,2.81,Liberia,2020.0,SSA,LBR,48032.0,33517.0,2646.0,914.0,3560.0,32142.0,19659.0,56667.0,3015781.0,2959115.0,1494865.0,1469116.0,1000615.0,1041281.0,3736.0,2662.0,81549.0
LBY,18.83,Libya,2.24,52076250948.0,1.09,0.605,10.2,72.7,72.0,1.88,36.7,2.09,6777452.0,18.56,Libya,2020.0,MENA-OTH,LBY,490516.0,190747.0,84071.0,18898.0,102969.0,323320.0,582813.0,895960.0,4962117.0,4066157.0,1890505.0,2165479.0,929232.0,979938.0,41993.0,103282.0,681263.0
LIE,9.9,Liechtenstein,1.44,6552858739.0,1.047,0.35600000000000004,,83.0,,,,,38019.0,,Liechtenstein,2020.0,ECA-HIC,LIE,11370.0,11809.0,3963.0,4111.0,8074.0,,,,,,,,,,1449.0,1257.0,23179.0
LTU,10.0,Lithuania,1.63,54219315600.0,1.0390000000000001,0.7240000000000001,3.3,75.7,8.0,2.41,32.1,6.35,2786844.0,6.35,Lithuania,2020.0,ECA-HIC,LTU,57155.0,68168.0,19556.0,25491.0,45047.0,183821.0,323962.0,502838.0,2362294.0,1859456.0,966928.0,887583.0,210409.0,222182.0,7283.0,7655.0,125323.0
LUX,10.3,Luxembourg,1.37,71104919108.0,1.023,0.192,1.9,82.1,5.0,13.05,10.6,3.01,645397.0,5.36,Luxembourg,2020.0,ECA-HIC,LUX,141007.0,133949.0,52994.0,49275.0,102269.0,57850.0,51492.0,108949.0,532341.0,423392.0,212165.0,210834.0,47928.0,50150.0,0.0,0.0,274956.0
MDG,32.66,Madagascar,4.08,14083906357.0,1.425,0.054000000000000006,38.2,66.7,335.0,0.21,21.7,0.18,26969307.0,1.76,Madagascar,2020.0,SSA,MDG,18197.0,13604.0,7748.0,5143.0,12891.0,177206.0,139506.0,316800.0,16597292.0,16280492.0,8242962.0,8037618.0,5493932.0,5599795.0,1697.0,2065.0,31801.0
MWI,34.12,Malawi,4.21,7666704427.0,1.425,0.008,35.3,63.8,349.0,0.12,11.0,0.04,18628747.0,5.65,Malawi,2020.0,SSA,MWI,86804.0,92280.0,2027.0,1224.0,3251.0,16554.0,7976.0,24865.0,10905594.0,10880729.0,5608844.0,5272220.0,4079098.0,4145263.0,5470.0,6808.0,179084.0
MYS,16.75,Malaysia,2.0,364701517788.0,1.053,0.451,6.7,76.0,29.0,0.93,36.7,1.51,32447385.0,3.32,Malaysia,2020.0,EAP-OTH,MYS,1773551.0,1180286.0,61816.0,41251.0,103067.0,1317515.0,1355619.0,2653098.0,24776784.0,22123686.0,10696469.0,11407180.0,3683097.0,3906118.0,140009.0,382714.0,2953837.0
MDV,14.2,Maldives,1.87,5729248472.0,0.971,0.312,7.4,78.6,53.0,,16.4,4.56,530953.0,6.14,Maldives,2020.0,SA,MDV,57321.0,7768.0,2971.0,650.0,3621.0,1228.0,479.0,1725.0,434596.0,432871.0,145854.0,287035.0,51281.0,54665.0,877.0,4116.0,65089.0
MLI,41.54,Mali,5.88,17510141171.0,0.7559999999999999,0.045,62.0,58.9,562.0,0.23,46.3,0.13,19658031.0,7.22,Mali,2020.0,SSA,MLI,209479.0,204762.0,15459.0,5770.0,21229.0,92788.0,83673.0,175245.0,10731463.0,10556218.0,5342594.0,5212408.0,4679393.0,4839978.0,34759.0,36830.0,414241.0
MLT,9.2,Malta,1.23,14786156563.0,1.05,0.5429999999999999,6.1,82.3,6.0,5.07,37.1,2.86,502653.0,3.47,Malta,2020.0,ECA-HIC,MLT,55551.0,40938.0,12294.0,11528.0,23822.0,32971.0,37707.0,70570.0,441258.0,370688.0,183409.0,187171.0,35791.0,38283.0,7767.0,10504.0,96489.0
MHL,29.03,Marshall Islands,4.05,221278000.0,0.847,0.237,27.4,65.2,,2.0,10.0,0.42,58791.0,,Marshall Islands,2020.0,EAP-OTH,MHL,1843.0,1149.0,564.0,357.0,921.0,,,,,,,,,,128.0,178.0,2992.0
MRT,33.69,Mauritania,4.56,7593752450.0,0.9990000000000001,0.05,51.5,64.7,766.0,0.53,48.2,0.19,4525696.0,9.55,Mauritania,2020.0,SSA,MRT,87256.0,65355.0,5979.0,4957.0,10936.0,29403.0,9582.0,39150.0,2804438.0,2765288.0,1397397.0,1368058.0,907701.0,937521.0,13729.0,15948.0,152611.0
MUS,10.2,Mauritius,1.41,14180444557.0,1.011,0.406,13.6,74.4,61.0,0.38,50.7,2.53,1265711.0,6.67,Mauritius,2020.0,SSA,MUS,15900.0,12782.0,1709.0,1021.0,2730.0,16566.0,9506.0,25953.0,1053290.0,1027337.0,527546.0,499672.0,104182.0,108268.0,108.0,103.0,28682.0
MEX,17.6,Mexico,2.13,1258286717125.0,1.058,0.402,11.0,75.0,33.0,0.49,41.4,2.38,126014024.0,3.42,Mexico,2020.0,LAC,MEX,430594.0,438267.0,105582.0,97249.0,202831.0,6918298.0,6384475.0,13285808.0,95622624.0,82336816.0,43195976.0,39123880.0,16280814.0,17029309.0,107996.0,107267.0,868861.0
FSM,22.82,Federated States of Micronesia,3.05,401932279.0,0.972,0.141,25.6,67.8,88.0,,2.5,0.18,113815.0,,"Micronesia, Fed. Sts.",2020.0,EAP-OTH,FSM,1432.0,1250.0,206.0,188.0,394.0,3675.0,3666.0,7341.0,79144.0,71803.0,35383.0,36420.0,17492.0,18385.0,67.0,83.0,2682.0
MDA,10.1,Moldova,1.26,11955435457.0,0.9059999999999999,0.39799999999999996,13.6,71.8,19.0,0.31,46.2,3.21,2657637.0,5.47,Moldova,2020.0,ECA-OTH,MDA,35495.0,51074.0,12822.0,19067.0,31889.0,198941.0,279361.0,476293.0,2204143.0,1727850.0,883917.0,841924.0,202205.0,214147.0,10621.0,7248.0,86569.0
MCO,5.9,Monaco,,7184844193.0,,,2.6,,,11.72,6.1,6.56,38964.0,,Monaco,2020.0,ECA-HIC,MCO,12232.0,12922.0,2096.0,2216.0,4312.0,,,,,,,,,,782.0,665.0,25154.0
MNG,24.13,Mongolia,2.9,13852850259.0,1.04,0.6559999999999999,14.0,69.7,45.0,0.65,39.3,2.86,3225167.0,6.01,Mongolia,2020.0,EAP-OTH,MNG,11559.0,5770.0,4968.0,2518.0,7486.0,233523.0,290109.0,521146.0,2258976.0,1737830.0,869677.0,865667.0,503467.0,515849.0,1312.0,2705.0,17329.0
MNE,11.73,Montenegro,1.75,5494736901.0,1.0,0.561,2.3,76.8,6.0,1.23,31.8,2.76,622137.0,14.88,,,,,,,,,,,,,,,,,,,,,
MAR,18.94,Morocco,2.42,118725279596.0,1.139,0.359,19.2,76.5,70.0,1.6,53.1,0.73,36910560.0,9.02,Morocco,2020.0,MENA-OTH,MAR,45711.0,43139.0,5733.0,3320.0,9053.0,1285075.0,746790.0,2038628.0,27030340.0,24991712.0,13036717.0,11961758.0,4810164.0,5070054.0,6512.0,6996.0,88850.0
MOZ,37.52,Mozambique,4.85,14934159926.0,1.126,0.073,54.0,60.2,289.0,0.27,6.8,0.08,30366036.0,3.24,Mozambique,2020.0,SSA,MOZ,144479.0,149927.0,15221.0,11366.0,26587.0,195317.0,107643.0,306309.0,17483416.0,17177106.0,9092611.0,8087846.0,6866946.0,6905072.0,23433.0,21011.0,294406.0
MMR,17.55,Myanmar,2.15,76085852617.0,1.123,0.188,36.8,66.9,250.0,0.39,73.9,0.68,54045420.0,1.58,Myanmar,2020.0,EAP-OTH,MMR,29351.0,24253.0,4453.0,2114.0,6567.0,1087403.0,860037.0,1940394.0,40543136.0,38602740.0,20443828.0,18151864.0,6885738.0,6980923.0,5961.0,7031.0,53604.0
NAM,28.64,Namibia,3.4,12366527719.0,1.242,0.22899999999999998,29.0,63.4,195.0,,8.3,0.42,2494530.0,20.27,Namibia,2020.0,SSA,NAM,50927.0,45036.0,13757.0,12243.0,26000.0,15449.0,19035.0,34616.0,1604812.0,1570196.0,822114.0,748214.0,468084.0,468020.0,5331.0,8097.0,95963.0
NRU,,Nauru,,133000000.0,,,,,,,,,10084.0,,Nauru,2020.0,EAP-HIC,NRU,1211.0,858.0,271.0,132.0,403.0,,,,,,,,,,46.0,87.0,2069.0
NPL,19.89,Nepal,1.92,30641380604.0,1.421,0.124,26.7,70.5,186.0,0.36,60.4,0.75,28608710.0,1.41,Nepal,2020.0,SA,NPL,128044.0,296468.0,16216.0,37073.0,53289.0,408258.0,230585.0,639494.0,20742576.0,20103082.0,11409257.0,8694476.0,4148531.0,4245701.0,44166.0,18886.0,424512.0
NLD,9.7,Netherlands,1.59,909070395161.0,1.042,0.85,3.3,81.8,5.0,10.29,12.3,3.61,17332850.0,3.2,Netherlands,2020.0,ECA-HIC,NLD,836217.0,965208.0,275547.0,327055.0,602602.0,1492241.0,1413483.0,2895588.0,14702891.0,11807304.0,6005207.0,5791960.0,1332894.0,1405715.0,48836.0,56093.0,1801425.0
NZL,11.98,New Zealand,1.71,206928765544.0,1.0,0.82,4.7,81.9,9.0,11.49,12.6,3.59,4841000.0,4.07,New Zealand,2020.0,EAP-HIC,NZL,632662.0,674626.0,242847.0,279143.0,521990.0,182377.0,360754.0,531836.0,4101141.0,3569305.0,1746329.0,1811682.0,481247.0,507812.0,1912.0,12798.0,1307288.0
NIC,20.64,Nicaragua,2.4,12520915291.0,1.206,0.174,15.7,74.3,98.0,0.54,36.0,0.98,6545502.0,6.84,Nicaragua,2020.0,LAC,NIC,20028.0,18987.0,5498.0,4313.0,9811.0,236174.0,295038.0,531056.0,4670268.0,4139212.0,2113242.0,2025814.0,951425.0,1002861.0,1497.0,1655.0,39015.0
NER,46.08,Niger,6.91,12928145120.0,0.747,0.044000000000000004,48.0,62.0,509.0,0.29,52.3,0.04,23310715.0,0.47,Niger,2020.0,SSA,NER,131109.0,166825.0,3946.0,2031.0,5977.0,77341.0,31268.0,113299.0,12182720.0,12069421.0,6099762.0,5974350.0,5905441.0,6118475.0,19212.0,30910.0,297934.0
NGA,37.91,Nigeria,5.39,448120428859.0,0.847,0.102,75.7,54.3,917.0,0.54,72.2,0.38,200963599.0,8.1,Nigeria,2020.0,SSA,NGA,638130.0,534632.0,30700.0,10187.0,40887.0,7205075.0,4574636.0,11786936.0,116494400.0,104707464.0,53274612.0,51440080.0,43820702.0,45824482.0,60258.0,75549.0,1172762.0
PRK,13.89,North Korea,1.9,32100000000.0,1.128,0.27,13.7,72.1,89.0,,,3.67,25666161.0,2.74,"Korea, Dem. People's Rep.",2020.0,EAP-OTH,PRK,22299.0,22282.0,7425.0,7406.0,14831.0,2188537.0,1872758.0,4065184.0,20663454.0,16598270.0,8798464.0,7803696.0,2499215.0,2616146.0,2613.0,2355.0,44581.0
MKD,,North Macedonia,,10220781069.0,,,,,,,35.6,,1836713.0,,North Macedonia,2020.0,ECA-OTH,MKD,44564.0,62654.0,5708.0,5996.0,11704.0,103893.0,104795.0,208689.0,1734497.0,1525808.0,767687.0,758122.0,163345.0,174689.0,13917.0,10176.0,107218.0
NOR,10.4,Norway,1.56,403336363636.0,1.003,0.82,2.1,82.8,2.0,,14.3,2.92,5347896.0,3.35,Norway,2020.0,ECA-HIC,NOR,416398.0,391267.0,131881.0,149879.0,281760.0,379851.0,479087.0,853505.0,4451134.0,3597629.0,1730114.0,1862082.0,451401.0,476940.0,29413.0,27675.0,807665.0
OMN,19.19,Oman,2.89,76983094928.0,1.034,0.38,9.8,77.6,19.0,4.33,6.4,2.0,5266535.0,2.67,Oman,2020.0,GCC,OMN,1955477.0,365382.0,257789.0,45424.0,303213.0,526624.0,234809.0,762571.0,3958298.0,3195727.0,942714.0,2254151.0,558869.0,589455.0,23429.0,28548.0,2320859.0
PAK,28.25,Pakistan,3.51,304400000000.0,0.943,0.09,57.2,67.1,140.0,0.69,66.5,0.98,216565318.0,4.45,Pakistan,2020.0,SA,PAK,1458585.0,1177741.0,29853.0,10260.0,40113.0,5732105.0,3530901.0,9309655.0,143978592.0,134668944.0,66665924.0,68049656.0,37023502.0,39890248.0,286036.0,354219.0,2636326.0
PLW,14.0,Palau,2.21,283994900.0,1.126,0.547,16.6,69.1,,3.0,21.8,1.18,18233.0,,Palau,2020.0,EAP-OTH,PLW,2609.0,1963.0,882.0,671.0,1553.0,,,,,,,,,,237.0,279.0,4572.0
PSE,,Palestine,,,,,,,,,,,,,Palestine,2020.0,MENA-OTH,PSE,102596.0,121089.0,6038.0,3513.0,9551.0,240011.0,287670.0,527535.0,2960681.0,2433146.0,1179189.0,1253811.0,900632.0,941956.0,26958.0,22141.0,223685.0
PAN,18.98,Panama,2.46,66800800000.0,0.9440000000000001,0.478,13.1,78.3,52.0,1.53,30.5,1.57,4246439.0,3.9,Panama,2020.0,LAC,PAN,143561.0,130678.0,53225.0,42495.0,95720.0,211731.0,278614.0,490136.0,3171578.0,2681442.0,1317115.0,1364118.0,559159.0,584031.0,15431.0,23497.0,274239.0
PNG,27.07,Papua New Guinea,3.56,24969611435.0,1.085,0.018000000000000002,38.0,64.3,145.0,1.16,5.8,0.07,8776109.0,2.46,Papua New Guinea,2020.0,EAP-OTH,PNG,16562.0,10378.0,6668.0,4260.0,10928.0,14392.0,16698.0,32320.0,5802505.0,5770185.0,2842578.0,2928837.0,1519679.0,1624843.0,1796.0,2333.0,26940.0
PRY,20.57,Paraguay,2.43,38145288940.0,1.044,0.34600000000000003,17.2,74.1,129.0,1.55,36.5,1.35,7044636.0,4.81,Paraguay,2020.0,LAC,PRY,87011.0,79648.0,9416.0,7382.0,16798.0,207373.0,279609.0,491396.0,5071693.0,4580297.0,2221139.0,2363574.0,1007423.0,1053414.0,1608.0,1300.0,166659.0
PER,17.95,Peru,2.25,226848050820.0,1.069,0.7070000000000001,11.1,76.5,88.0,1.28,30.9,1.27,32510453.0,3.31,Peru,2020.0,LAC,PER,515305.0,467379.0,398968.0,175586.5,574554.5,1937737.0,1924127.0,3870065.0,24830392.0,20960328.0,10612537.0,10355990.0,4056576.0,4084879.0,114736.0,127100.0,982684.0
PHL,20.55,Philippines,2.58,376795508680.0,1.075,0.355,22.5,71.1,121.0,1.12,53.5,0.6,108116615.0,2.15,Philippines,2020.0,EAP-OTH,PHL,102569.0,93885.0,53859.0,43904.0,97763.0,2142340.0,2932241.0,5028129.0,76659984.0,71631856.0,35573880.0,36011528.0,16046139.0,16874956.0,14535.0,14536.0,196454.0
POL,10.2,Poland,1.46,592164400688.0,1.0,0.6779999999999999,3.8,77.6,2.0,2.93,23.2,2.38,37970874.0,3.47,Poland,2020.0,ECA-HIC,POL,327595.0,375052.0,83809.0,60447.0,144256.0,2038040.0,3073161.0,5089983.0,32131702.0,27041720.0,13651523.0,13368978.0,2811082.0,2956286.0,5948.0,9215.0,702647.0
PRT,8.5,Portugal,1.38,237686075635.0,1.062,0.639,3.1,81.3,8.0,3.78,27.7,5.12,10269417.0,6.33,Portugal,2020.0,ECA-HIC,PRT,338232.0,425287.0,84901.0,144271.0,229172.0,105877.0,383044.0,446392.0,8952903.0,8506511.0,4388301.0,4075682.0,654216.0,689962.0,34639.0,38663.0,763519.0
QAT,9.54,Qatar,1.87,183466208791.0,1.038,0.179,5.8,80.1,9.0,,6.2,2.49,2832067.0,0.09,Qatar,2020.0,GCC,QAT,1771725.0,352773.0,239210.0,47003.0,286213.0,173717.0,104426.0,274040.0,2488106.0,2214066.0,420328.0,1789635.0,191171.0,201783.0,30634.0,71060.0,2124498.0
ROU,9.6,Romania,1.71,250077444017.0,0.852,0.494,6.1,75.4,19.0,2.25,21.3,2.98,19356544.0,3.98,,,,,,,,,,,,,,,,,,,,,
RUS,11.5,Russia,1.57,1699876578871.0,1.026,0.8190000000000001,6.1,72.7,17.0,0.53,36.4,4.01,144373535.0,4.59,Russian Federation,2020.0,ECA-OTH,RUS,5685000.0,5757835.0,1606253.0,1774561.0,3380814.0,16291987.0,15774894.0,32441412.0,117618048.0,85176640.0,48641352.0,36909816.0,12879313.0,13575776.0,166987.0,27090.0,11442835.0
RWA,31.7,Rwanda,4.04,10122472590.0,1.33,0.067,27.0,68.7,248.0,,26.0,0.13,12626950.0,1.03,Rwanda,2020.0,SSA,RWA,208945.0,203946.0,9862.0,3564.0,13426.0,85542.0,56606.0,143697.0,7839420.0,7695724.0,3980936.0,3716336.0,2547236.0,2565553.0,50054.0,50962.0,412891.0
KNA,12.6,Saint Kitts and Nevis,2.11,1050992593.0,1.087,0.867,9.8,71.3,,3.33,56.6,2.52,52823.0,,St. Kitts and Nevis,2020.0,LAC,KNA,3880.0,3464.0,591.0,547.0,1138.0,,,,,,,,,,195.0,187.0,7344.0
LCA,12.0,Saint Lucia,1.44,2122450630.0,1.026,0.141,14.9,76.1,117.0,,48.4,0.64,182790.0,20.71,St. Lucia,2020.0,LAC,LCA,3364.0,3649.0,1071.0,1244.0,2315.0,12937.0,17607.0,30649.0,150665.0,120016.0,59330.0,60791.0,16270.0,16694.0,686.0,640.0,7013.0
VCT,14.24,Saint Vincent and the Grenadines,1.89,825385185.0,1.1340000000000001,0.237,14.8,72.4,68.0,1.16,21.4,0.66,100455.0,18.88,St. Vincent and the Grenadines,2020.0,LAC,VCT,2069.0,1945.0,644.0,670.0,1314.0,4556.0,5990.0,10553.0,86645.0,76092.0,36677.0,39422.0,12062.0,12240.0,350.0,374.0,4014.0
WSM,24.38,Samoa,3.88,850655017.0,1.105,0.076,13.6,73.2,43.0,0.78,11.5,0.34,202506.0,8.36,Samoa,2020.0,EAP-OTH,WSM,1736.0,1689.0,721.0,768.0,1489.0,7698.0,7401.0,15099.0,124603.0,109504.0,52820.0,56684.0,35486.0,38321.0,302.0,296.0,3425.0
SMR,6.8,San Marino,1.26,1637931034.0,1.081,0.425,1.7,85.4,,,18.3,6.11,33860.0,,San Marino,2020.0,ECA-HIC,SMR,2704.0,2295.0,906.0,731.0,1637.0,,,,,,,,,,257.0,287.0,4999.0
STP,31.54,Sao Tome and Principe,4.32,429016605.0,1.068,0.134,24.4,70.2,130.0,,11.7,0.05,215056.0,13.37,Sao Tome and Principe,2020.0,SSA,STP,877.0,888.0,54.0,64.0,118.0,689.0,828.0,1519.0,127644.0,126125.0,63394.0,62733.0,45264.0,46253.0,184.0,190.0,1765.0
SAU,17.8,Saudi Arabia,2.32,792966838162.0,0.998,0.68,6.0,75.0,17.0,3.85,15.0,2.61,34268528.0,5.93,Saudi Arabia,2020.0,GCC,SAU,8851999.0,3996420.0,1161435.0,524272.0,1685707.0,2881675.0,1760093.0,4598838.0,26216152.0,21617314.0,8686800.0,12887584.0,4235666.0,4362049.0,223292.0,383132.0,12848419.0
SEN,34.52,Senegal,4.63,23578084052.0,0.81,0.128,31.8,67.7,315.0,0.31,44.2,0.07,16296364.0,6.6,Senegal,2020.0,SSA,SEN,66428.0,55311.0,6070.0,3031.0,9101.0,162205.0,46909.0,206860.0,9612430.0,9405570.0,5007911.0,4395406.0,3518326.0,3613174.0,19474.0,24779.0,121739.0
SRB,9.2,Serbia,1.49,51409167351.0,1.003,0.672,4.8,75.5,12.0,1.57,40.6,3.11,6944975.0,12.69,,,,,,,,,,,,,,,,,,,,,
SYC,17.1,Seychelles,2.41,1698843063.0,1.004,0.171,12.4,72.8,53.0,2.0,2.5,0.95,97625.0,,Seychelles,2020.0,SSA,SYC,8250.0,3504.0,2790.0,1160.0,3950.0,6091.0,6025.0,12127.0,75062.0,62935.0,30551.0,32395.0,11384.0,12016.0,410.0,888.0,11754.0
SLE,33.41,Sierra Leone,4.26,3941474311.0,1.128,0.02,78.5,54.3,1120.0,0.57,38.2,0.03,7813215.0,4.43,Sierra Leone,2020.0,SSA,SLE,7001.0,4868.0,1240.0,723.0,1963.0,15753.0,28153.0,41687.0,4758781.0,4717094.0,2361743.0,2353132.0,1605850.0,1612354.0,2250.0,1851.0,11869.0
SGP,8.8,Singapore,1.14,372062527489.0,1.006,0.848,2.3,83.1,8.0,,36.7,2.29,5703569.0,4.11,Singapore,2020.0,EAP-HIC,SGP,974379.0,1218677.0,84610.0,87768.0,172378.0,1037098.0,931206.0,1965085.0,4986385.0,3021301.0,1439482.0,1578599.0,338985.0,360437.0,192454.0,138138.0,2193056.0
SVK,10.6,Slovakia,1.52,105422304976.0,0.987,0.466,4.6,77.2,5.0,3.11,18.4,3.42,5454073.0,5.56,Slovak Republic,2020.0,ECA-HIC,SVK,18237.0,25398.0,5713.0,6928.0,12641.0,172582.0,251231.0,418845.0,4609786.0,4190941.0,2134852.0,2051122.0,414663.0,434378.0,2820.0,1691.0,43635.0
SVN,9.4,Slovenia,1.6,53742159517.0,1.004,0.7859999999999999,1.7,81.0,7.0,5.25,12.5,3.09,2087946.0,4.2,Slovenia,2020.0,ECA-HIC,SVN,155924.0,109846.0,17020.0,13700.0,30720.0,108315.0,171512.0,276870.0,1784187.0,1507317.0,729478.0,774882.0,154503.0,163729.0,4201.0,5229.0,265770.0
SLB,32.44,Solomon Islands,4.4,1425074226.0,1.062,,17.1,72.8,104.0,0.4,3.3,0.19,669823.0,0.58,Solomon Islands,2020.0,EAP-OTH,SLB,1282.0,1005.0,282.0,278.0,560.0,14255.0,9600.0,23878.0,411917.0,388039.0,194828.0,193234.0,133188.0,141773.0,100.0,133.0,2287.0
SOM,41.75,Somalia,6.07,4720727278.0,0.23399999999999999,0.025,76.6,57.1,829.0,,,0.02,15442905.0,11.35,Somalia,2020.0,SSA,SOM,29970.0,24260.0,1623.0,604.0,2227.0,150126.0,48271.0,198732.0,8558512.0,8359780.0,4278182.0,4081933.0,3642679.0,3692028.0,2045.0,2315.0,54230.0
ZAF,20.51,South Africa,2.41,351431649241.0,1.0090000000000001,0.22399999999999998,28.5,63.9,119.0,,7.7,0.91,58558270.0,28.18,South Africa,2020.0,SSA,ZAF,1140268.0,811224.0,138751.0,88537.0,227288.0,996026.0,990399.0,1987630.0,42227120.0,40239488.0,20657676.0,19583020.0,8444602.0,8636966.0,58726.0,55870.0,1951492.0
KOR,6.4,South Korea,0.98,2029000000000.0,0.981,0.943,2.7,82.6,11.0,6.49,36.8,2.36,51709098.0,4.15,"Korea, Rep.",2020.0,EAP-HIC,KOR,790467.0,634507.0,505665.0,355751.0,861416.0,6801241.0,5684818.0,12483313.0,45334520.0,32851208.0,17044454.0,15804006.0,3157238.0,3344482.0,135310.0,167898.0,1424974.0
SSD,35.01,South Sudan,4.7,11997800751.0,0.73,,63.7,57.6,1150.0,,61.3,,11062113.0,12.24,South Sudan,2020.0,SSA,SSD,399220.0,390686.0,139186.0,136382.0,275568.0,162136.0,110509.0,272892.0,6567616.0,6294725.0,3195916.0,3099055.0,2284290.0,2341823.0,48161.0,44186.0,789906.0
ESP,7.9,Spain,1.26,1394116310769.0,1.0270000000000001,0.889,2.5,83.3,4.0,5.6,24.2,3.87,47076781.0,13.96,Spain,2020.0,ECA-HIC,ESP,3178894.0,3411405.0,827345.0,1002876.0,1830221.0,3927543.0,4481469.0,8395310.0,40543340.0,32148030.0,16302636.0,15831693.0,3301855.0,3518226.0,300177.0,398388.0,6590299.0
LKA,15.83,Sri Lanka,2.2,84008783756.0,1.002,0.196,6.4,76.8,36.0,0.35,38.4,1.0,21803000.0,4.2,Sri Lanka,2020.0,SA,LKA,18292.0,16399.0,4290.0,2857.0,7147.0,206254.0,267330.0,472218.0,16727518.0,16255300.0,8575866.0,7678068.0,2565953.0,2625529.0,2660.0,2904.0,34691.0
SDN,32.18,Sudan,4.41,18902284476.0,0.768,0.16899999999999998,42.1,65.1,295.0,0.41,63.2,0.26,42813238.0,16.53,Sudan,2020.0,SSA,SDN,594504.0,597828.0,150944.0,146315.0,297259.0,474494.0,554681.0,1027392.0,26397540.0,25370148.0,12782202.0,12586162.0,8605091.0,8846639.0,96142.0,90673.0,1192332.0
SUR,18.54,Suriname,2.42,3985250737.0,1.088,0.126,16.9,71.6,120.0,,10.1,1.21,581372.0,7.33,Suriname,2020.0,LAC,SUR,23288.0,19050.0,2408.0,2279.0,4687.0,12228.0,15279.0,27486.0,430209.0,402723.0,201151.0,201551.0,75382.0,81043.0,2480.0,2983.0,42338.0
SWE,11.4,Sweden,1.76,530832908738.0,1.266,0.67,2.2,82.5,4.0,,15.2,3.98,10285453.0,6.48,Sweden,2020.0,ECA-HIC,SWE,883452.0,872271.0,269488.0,309469.0,578957.0,797252.0,1073114.0,1876164.0,8528796.0,6652632.0,3206846.0,3451585.0,887215.0,937431.0,0.0,0.0,1755723.0
CHE,10.0,Switzerland,1.52,703082435360.0,1.052,0.596,3.7,83.6,5.0,,28.3,4.3,8574832.0,4.58,Switzerland,2020.0,ECA-HIC,CHE,1149398.0,1194203.0,426748.0,415878.0,842626.0,935439.0,722421.0,1649314.0,7344648.0,5695334.0,2999865.0,2686923.0,629585.0,662328.0,93733.0,115266.0,2343601.0
SYR,23.69,Syria,2.81,40405006007.0,0.8170000000000001,0.401,14.0,71.8,31.0,1.02,53.7,1.22,17070135.0,8.37,Syrian Arab Republic,2020.0,MENA-OTH,SYR,352818.0,355535.0,45435.0,16876.0,62311.0,294601.0,160162.0,457822.0,12114891.0,11657069.0,5941233.0,5718896.0,2639198.0,2746568.0,80897.0,79461.0,708353.0
TJK,30.76,Tajikistan,3.59,8116626794.0,1.0090000000000001,0.313,30.4,70.9,17.0,0.23,63.1,1.7,9321018.0,11.02,Tajikistan,2020.0,ECA-OTH,TJK,96374.0,126564.0,8332.0,27798.0,36130.0,358877.0,233330.0,617740.0,5982954.0,5365214.0,2770405.0,2620342.0,1728169.0,1826519.0,30294.0,22800.0,222938.0
TZA,36.7,Tanzania,4.89,63177068175.0,0.9420000000000001,0.04,37.6,65.0,524.0,0.09,26.1,0.01,58005463.0,1.98,Tanzania,2020.0,SSA,TZA,177778.0,175447.0,19515.0,11262.0,30777.0,229064.0,117790.0,351334.0,33717316.0,33365982.0,16903890.0,16466573.0,12861425.0,13155471.0,37563.0,35229.0,353225.0
THA,10.34,Thailand,1.53,543649976166.0,0.998,0.493,7.8,76.9,37.0,1.06,11.8,0.81,69625582.0,0.75,Thailand,2020.0,EAP-OTH,THA,1538997.0,1548504.0,52335.0,35119.0,87454.0,3637221.0,4807828.0,8344371.0,58246340.0,49901968.0,25416776.0,24384516.0,5609314.0,5944323.0,262135.0,282860.0,3087501.0
TLS,29.42,East Timor,4.02,1673540300.0,1.153,0.17800000000000002,39.3,69.3,142.0,0.6,10.2,0.72,3500000.0,4.55,,,,,,,,,,,,,,,,,,,,,
TGO,33.11,Togo,4.32,5459979417.0,1.238,0.145,47.4,60.8,396.0,0.34,51.0,0.08,8082366.0,2.04,Togo,2020.0,SSA,TGO,124914.0,128221.0,5731.0,2446.0,8177.0,70949.0,38079.0,108956.0,4914565.0,4805609.0,2444242.0,2361296.0,1677012.0,1687160.0,9908.0,16893.0,253135.0
TON,24.3,Tonga,3.56,450353314.0,1.163,0.064,13.4,70.8,52.0,,10.2,0.52,100209.0,1.12,Tonga,2020.0,EAP-OTH,TON,1986.0,1643.0,149.0,139.0,288.0,43.0,32.0,72.0,68955.0,68883.0,35086.0,33794.0,17675.0,19067.0,55.0,58.0,3629.0
TTO,12.94,Trinidad and Tobago,1.73,24100202834.0,1.062,0.12,16.4,73.4,67.0,2.25,37.3,4.17,1394973.0,2.69,Trinidad and Tobago,2020.0,LAC,TTO,37145.0,38464.0,12509.0,14623.0,27132.0,36733.0,50946.0,87506.0,1118720.0,1031214.0,519361.0,511680.0,138237.0,142534.0,1206.0,2034.0,75609.0
TUN,17.56,Tunisia,2.2,38797709924.0,1.1540000000000001,0.317,14.6,76.5,43.0,0.47,39.8,1.3,11694719.0,16.02,Tunisia,2020.0,MENA-OTH,TUN,26630.0,24252.0,5325.0,3727.0,9052.0,418932.0,412731.0,826866.0,8947793.0,8120928.0,4153386.0,3962744.0,1391749.0,1479076.0,4419.0,4844.0,50882.0
TUR,16.03,Turkey,2.07,754411708203.0,0.932,0.239,9.1,77.4,17.0,3.45,16.9,1.85,83429615.0,13.49,Turkiye,2020.0,ECA-OTH,TUR,2515031.0,2340635.0,639105.0,306094.0,945199.0,3239804.0,2534631.0,5735986.0,64146560.0,58410576.0,30297376.0,28074748.0,9870936.0,10321572.0,151834.0,395542.0,4855666.0
TKM,23.83,Turkmenistan,2.79,40761142857.0,0.884,0.08,39.3,68.1,7.0,0.88,71.1,2.22,5942089.0,3.91,Turkmenistan,2020.0,ECA-OTH,TKM,87603.0,96607.0,16072.0,25178.0,41250.0,268364.0,237114.0,505797.0,4174074.0,3668277.0,1909031.0,1759565.0,915732.0,941381.0,5956.0,4754.0,184210.0
TUV,,Tuvalu,,47271463.0,0.86,,20.6,,,,0.7,0.92,11646.0,,Tuvalu,2020.0,EAP-OTH,TUV,128.0,100.0,18.0,24.0,42.0,,,,,,,,,,8.0,4.0,228.0
UGA,38.14,Uganda,4.96,34387229486.0,1.0270000000000001,0.048,33.8,63.0,375.0,0.01,40.5,0.17,44269594.0,1.84,Uganda,2020.0,SSA,UGA,713604.0,761784.0,185884.0,181688.0,367572.0,164955.0,101486.0,277301.0,24692872.0,24415572.0,12664088.0,11762343.0,10428837.0,10619291.0,130865.0,114061.0,1475388.0
UKR,8.7,Ukraine,1.3,153781069118.0,0.99,0.8270000000000001,7.5,71.6,19.0,0.84,47.8,2.99,44385155.0,8.88,Ukraine,2020.0,ECA-OTH,UKR,1822384.0,2405384.0,450210.0,583957.0,1034167.0,3901311.0,6304455.0,10149310.0,37075104.0,26925794.0,13955379.0,12913961.0,3424527.0,3632415.0,442706.0,326914.0,4227768.0
ARE,10.33,United Arab Emirates,1.41,421142267938.0,1.084,0.368,6.5,77.8,3.0,,17.8,2.53,9770529.0,2.35,United Arab Emirates,2020.0,GCC,ARE,5480546.0,1968087.0,2927309.0,1023683.0,3950992.0,2637281.0,864351.0,3509108.0,8425228.0,4916121.0,1471986.0,3451610.0,717714.0,747458.0,328455.0,939247.0,7448633.0
GBR,11.0,United Kingdom,1.68,2827113184696.0,1.012,0.6,3.6,81.3,7.0,10.13,14.8,2.81,66834405.0,3.85,United Kingdom,2020.0,ECA-HIC,GBR,4118012.0,4604551.0,1972956.0,2324103.0,4297059.0,6339583.0,6714723.0,13052486.0,55222904.0,42170416.0,21430992.0,20737608.0,5790623.0,6067470.0,317635.0,384991.0,8722563.0
USA,11.6,United States,1.73,21427700000000.0,1.018,0.882,5.6,78.5,19.0,7.25,11.1,2.61,328239523.0,14.7,United States,2020.0,NOAM,USA,21762988.0,23092754.0,10108560.0,11031329.0,21139888.0,37582080.0,41044508.0,78533104.0,270598528.0,192065424.0,96647152.0,95324800.0,29776773.0,31125769.0,1167322.0,1218336.0,44855744.0
URY,13.86,Uruguay,1.97,56045912952.0,1.085,0.631,6.4,77.8,17.0,1.66,16.2,5.05,3461734.0,8.73,Uruguay,2020.0,LAC,URY,50665.0,56974.0,17611.0,21616.0,39227.0,95596.0,166916.0,259521.0,2767343.0,2507822.0,1283140.0,1221692.0,345335.0,361049.0,356.0,272.0,107639.0
UZB,23.3,Uzbekistan,2.42,57921286440.0,1.042,0.10099999999999999,19.1,71.6,29.0,0.24,42.7,2.37,33580650.0,5.92,Uzbekistan,2020.0,ECA-OTH,UZB,498434.0,568110.0,157060.0,218958.0,376018.0,2123299.0,2224163.0,4347250.0,24373202.0,20025952.0,10135820.0,9889921.0,4794583.0,5064265.0,50533.0,44930.0,1066544.0
VUT,29.6,Vanuatu,3.78,917058851.0,1.093,0.047,22.3,70.3,72.0,1.56,8.9,0.17,299882.0,4.39,Vanuatu,2020.0,EAP-OTH,VUT,1489.0,1499.0,661.0,677.0,1338.0,3850.0,3231.0,7087.0,189173.0,182086.0,91243.0,90849.0,56986.0,60991.0,139.0,130.0,2988.0
VEN,17.88,Venezuela,2.27,482359318768.0,0.972,0.7929999999999999,21.4,72.1,125.0,0.01,45.8,1.92,28515829.0,8.8,"Venezuela, RB",2020.0,LAC,VEN,542106.0,553655.0,88856.0,84473.0,173329.0,1432925.0,2316526.0,3705871.0,20683548.0,16977676.0,8339556.0,8594542.0,3794930.0,3957465.0,117716.0,110717.0,1095761.0
VNM,16.75,Vietnam,2.05,261921244843.0,1.1059999999999999,0.285,16.5,75.3,43.0,0.73,43.5,0.82,96462106.0,2.01,Vietnam,2020.0,EAP-OTH,VNM,36558.0,26503.0,19740.0,12411.0,32151.0,1702263.0,1351767.0,3059255.0,74761840.0,71702584.0,36715452.0,34992352.0,10673109.0,11903637.0,5793.0,7913.0,63061.0
YEM,30.45,Yemen,3.79,26914402224.0,0.9359999999999999,0.102,42.9,66.1,164.0,,81.0,0.31,29161922.0,12.91,"Yemen, Rep.",2020.0,MENA-OTH,YEM,182754.0,134274.0,14674.0,3755.0,18429.0,468147.0,175297.0,653861.0,18243880.0,17590020.0,8950011.0,8650424.0,5675675.0,5906414.0,29328.0,40759.0,317028.0
ZMB,36.19,Zambia,4.63,23064722446.0,0.987,0.040999999999999995,40.4,63.5,213.0,0.24,27.5,1.19,17861030.0,11.43,Zambia,2020.0,SSA,ZMB,86952.0,80590.0,6390.0,3150.0,9540.0,73089.0,41543.0,115165.0,10291816.0,10176651.0,5230427.0,4946757.0,4008980.0,4083160.0,9809.0,10605.0,167542.0
ZWE,30.68,Zimbabwe,3.62,21440758800.0,1.099,0.1,33.9,61.2,458.0,,25.8,0.21,14645468.0,4.95,Zimbabwe,2020.0,SSA,ZWE,225383.0,169305.0,7994.0,4593.0,12587.0,183789.0,90895.0,285258.0,8633707.0,8348450.0,4577572.0,3781451.0,3102450.0,3126770.0,10275.0,11178.0,394688.0
